REGISTRATION_NUMBER,COMPANY_NAME,SIC_CODE,INDUSTRY_TYPE,INDUSTRY_CODE,DISSOLVED/REMOVED/LIVE,LIQUIDATION,ACCOUNTING_FROM_DATE,ACCOUNTING_TO_DATE,Year,WEEKS,MONTHS,CONSOLIDATED-ACCOUNTS,ACCOUNTS_FORMAT,TURNOVER,EXPORT,COST_OF_SALES,GROSS_PROFIT,WAGES_AND_SALARIES,OPERATING_PROFITS,DEPRECIATION,INTEREST_PAYMENTS,PRETAX_PROFITS,TAXATION,PROFIT_AFTER_TAX,DIVIDENDS_PAYABLE,RETAINED_PROFITS,TANGIBLE_ASSETS,INTANGIBLE_ASSETS,TOTAL_FIXED_ASSETS,TOTAL_CURRENT_ASSETS,TRADE_DEBTORS,STOCK,CASH,OTHER_CURRENT_ASSETS,INCREASE_IN_CASH,MISCELANEOUS_CURRENT_ASSETS,TOTAL_ASSETS,TOTAL_CURRENT_LIABILITIES,TRADE_CREDITORS,BANK_OVERDRAFT,OTHER_SHORTTERM_FIN,MISC_CURRENT_LIABILITIES,OTHER_LONGTERM_FIN,TOTAL_LONGTERM_LIAB,BANK_OD_LTL,TOTAL_LIAB,NET_ASSETS,WORKING_CAPITAL,PAIDUP_EQUITY,SHAREHOLDER_FUNDS,P&L_ACCOUNT_RESERVE,SUNDRY_RESERVES,REVALUATION_RESERVE,NETWORTH,NET_CASHFLOW_FROM_OPERATIONS,NET_CASHFLOW_BEFOR_FINANCING,NET_CASHFLOW_FROM_FINANCING,CONTINGENT_LIAB,CAPITAL_EMPLOYED,EMPLOYEES_COUNT,PRETAX_PROFIT_PERCENTAGE,CURRENT_RATIO,SALES_PER_NET_WORKING_CAPITAL,GEARING_RATIO,EQUITY_RATIO,CREDITOR_DAYS,DEBTOR_DAYS,LIQUIDITY_TEST,RETURN_CAPITAL_EMPLOYED,RETURN_TOTAL_ASSETS,DEBT_EQUITY,RETURN_EQUITY,RETURN_NET_ASSETS,TOTAL_DEBT_RATIO,EBITDA,Z,Z1,Z2,Z3,Z4,Z5
37545,LEEDS AND BRADFORD BOILER COMPANY LIMITED(THE),28990,manufacture of machinery and equipment (not elsewhere classified),5,L,N/A,02/04/2019,31/03/2020,2020,52,12,N,1,12217788.0,8531481.0,8019782.0,4198006.0,3252778.0,1719031.0,74429.0,0.0,1725558.0,-390060.0,1335498.0,1000000.0,335498.0,458322,0.0,458322.0,8735166.0,4146634.0,1443964.0,2701444.0,443124.0,-78686.0,0.0,9193488.0,2070398.0,698600.0,0,0.0,1371798.0,0.0,0.0,80000,2150398.0,7043090,6664768.0,29058.0,7043090,6987990.0,0.0,7043090.0,990364.0,-78686,0.0,127852.0,7123090,79.0,1,14.12332576,4.219075753,1.833190293,1.135865082,76.60955233,20.87030811,123.87851299999998,8735165.303,24.22485186,18.76935065,0.293961599,11.81853867,24.50001349,0.3053202500606978,1793460.0,4.845606713260015,0.8699333267199566,0.05109020645918067,0.6437619758681362,1.9651497071704864,1.3156714970422545
153227,FANUC UK LIMITED,28990,manufacture of machinery and equipment (not elsewhere classified),5,L,N/A,02/04/2019,31/03/2020,2020,52,12,N,1,50690954.0,10306472.0,36619031.0,14071923.0,9208241.0,3940000.0,619568.0,0.0,3984857.0,-940849.0,3044008.0,0.0,3044008.0,17496124,1633893.0,19130017.0,40215495.0,12171274.0,12487588.0,13745195.0,1203156.0,0.0,0.0,59345512.0,19890056.0,1751594.0,0,4083448.0,14055014.0,0.0,0.0,1291817,21181873.0,38163639,20325439.0,1402000.0,36529746,20639526.0,0.0,38163639.0,0.0,0,0.0,0.0,39455456,126.0,1,7.861081092,2.021889481,2.49396601,3.384941881,66.12817256,12.61234519,87.63920699,40215494.37,10.09963489,6.71467288,0.521178182,24.63474647,10.44150166,0.5798527315246046,4559568.0,2.6167144345406883,0.4109919348239847,0.07181016822299889,0.2535419089483969,1.034745492053512,0.8456249304917952
196730,600 GROUP PUBLIC LIMITED COMPANY(THE),28490,manufacture of machinery and equipment (not elsewhere classified),5,L,N/A,30/03/2019,28/03/2020,2020,52,12,Y,2,49793287.39,0.0,32410906.12,17382381.26,11509224.27,1140994.29,482329.4,1629991.85,-468993.1,909831.81,440838.7,0.0,440838.7,12991776,12626509.59,25618285.54,23254056.45,4558790.84,14117211.23,2132325.7,754241.68,1464029.04,850559.38,48872341.99,11962658.36,2536860.04,0,5202638.0,4223160.7,6182114.54,0.0,15750908,27713565.97,21158776,11291398.09,1335852.41,8532266,21121730.75,998740.46,21158776.02,6247314.21,1739646,-275616.8,0.0,36909684,0.0,1,-0.94188017,1.943887032,4.4098425180000005,74.44148936,58.37574858,18.59595868,33.4173288,23254055.27,-1.270650543,-0.959628863,0.565375726,28.35163527,-2.216541732,3.248089777088525,1623323.69,1.5928654913391385,0.2772463351719969,0.012628291480819209,0.10961144808849377,0.1847239581345006,1.0086554584633278
313230,EDWARD PRYOR & SON LIMITED,28990,manufacture of machinery and equipment (not elsewhere classified),5,L,N/A,02/04/2019,31/03/2020,2020,52,12,Y,1,9094297.0,5228473.0,0.0,0.0,4401187.0,-600001.0,200043.0,85449.0,-685038.0,274670.0,-410368.0,30209.0,-440577.0,2633469,64895.0,2698364.0,5660562.0,2066326.0,2435378.0,176024.0,172008.0,-1556942.0,0.0,8358926.0,1989096.0,844902.0,598705,20691.0,524798.0,48933.0,0.0,3488013,4878404.0,3480522,3671466.0,224000.0,3415627,1530578.0,1699944.0,3480522.0,-1283781.0,-1466682,-90260.0,0.0,6369830,113.0,1,-7.532610822,2.845796281,2.477020623,100.2152263,41.96417882,33.91017799,82.93208259999999,5660560.7760000015,-10.75441574,-8.195287289,0.571493586,26.7791782,-19.68204769,1.4282601700946853,-399958.0,1.7925697681677881,0.5270724014065922,-0.07379031708140495,-0.15789844293393673,0.42009152993479015,1.0770945968417474
403583,W.D.M.LIMITED,28990,manufacture of machinery and equipment (not elsewhere classified),5,L,N/A,02/04/2019,31/03/2020,2020,52,12,Y,1,12390000.0,0.0,9006000.0,3384000.0,7999000.0,215000.0,742000.0,6000.0,245000.0,-305000.0,-60000.0,0.0,-60000.0,8440000,0.0,8440000.0,8135000.0,1057000.0,354000.0,5923000.0,712000.0,-135000.0,0.0,16575000.0,1931000.0,110000.0,0,0.0,1821000.0,0.0,0.0,279000,2210000.0,14365000,6204000.0,100000.0,14365000,13747000.0,518000.0,14365000.0,1015000.0,-135000,0.0,0.0,14644000,146.0,1,1.97740113,4.212843086,1.997098646,1.942220675,86.66666667,3.2405165460000003,31.13841808,8134999.817000002,1.673040153,1.4781297130000002,0.134423947,2.857142857,1.705534285,0.15384615384615385,957000.0,5.274660633484162,0.4491583710407239,-0.005067873303167421,0.1905339366515837,3.9,0.7400361990950226
473899,SEETRU LIMITED,28140,manufacture of machinery and equipment (not elsewhere classified),5,L,N/A,02/04/2019,31/03/2020,2020,52,12,Y,1,9944000.0,0.0,5082000.0,4862000.0,4252000.0,421000.0,135000.0,31000.0,394000.0,0.0,394000.0,0.0,394000.0,1617000,13000.0,1630000.0,4433000.0,1680000.0,1318000.0,1264000.0,92000.0,338000.0,0.0,6063000.0,3034000.0,237000.0,0,1424000.0,1373000.0,295000.0,0.0,295000,3329000.0,2734000,1399000.0,451000.0,2721000,2251000.0,0.0,2734000.0,279000.0,282000,56000.0,0.0,3029000,130.0,1,3.962188254,1.461107449,7.107934239,10.79005121,45.19008264,8.699215607000001,61.66532582,4432999.5660000015,13.00759327,6.498433119,1.109729334,13.25422365,14.41111924,1.2234472620360162,556000.0,2.7846217321508555,0.2768926274121722,0.09097806366485238,0.30262246412667,0.4904175428056473,1.6237110341415144
492122,TORQUEMETERS LIMITED,28990,manufacture of machinery and equipment (not elsewhere classified),5,L,N/A,02/04/2019,31/03/2020,2020,52,12,N,1,6751624.0,5845671.0,3942359.0,2809265.0,2711021.0,442738.0,87310.0,0.0,449462.0,-59027.0,390435.0,98106.0,292329.0,1621683,39167.0,1660850.0,5909018.0,1626188.0,1178066.0,1844882.0,1259882.0,0.0,0.0,7569868.0,2102111.0,800904.0,0,0.0,1301207.0,0.0,0.0,84625,2186736.0,5383132,3806907.0,8300.0,5343965,5371782.0,0.0,5383132.0,0.0,0,0.0,77545.0,5467757,55.0,1,6.6570946489999985,2.8109923789999995,1.773519553,1.572040217,71.48248218,43.29772511,87.91345904,5909017.44,8.220226319,5.937514366,0.39049962,17.44863162,8.349451582999999,0.40919729077566935,530048.0,3.237890257060464,0.6034832311474916,0.05406443018557259,0.23106854703410945,1.4662853677810217,0.8829886809122695
634473,RAPESCO OFFICE PRODUCTS PLC,28230,manufacture of machinery and equipment (not elsewhere classified),5,L,N/A,02/06/2019,31/05/2020,2020,52,12,N,1,6936713.0,0.0,0.0,0.0,0.0,516710.0,27588.0,80269.0,436441.0,-83847.0,352594.0,183059.0,169535.0,73527,0.0,73527.0,6546367.0,1913420.0,1256235.0,253555.0,3025957.0,0.0,0.0,6619894.0,3134554.0,1009450.0,1530304,83059.0,511741.0,0.0,0.0,1535872,3140122.0,3479772,3411813.0,249700.0,3479772,3229772.0,0.0,3479772.0,0.0,0,0.0,1945957.0,3485340,0.0,1,6.291755187000001,2.088452456,2.03314572,44.13714462,52.56537339999999,53.11582734,100.6814467,6546366.5989999985,12.52219296,6.5928699160000015,0.900792926,18.10994631,12.54222978,0.9023930303479654,544298.0,2.627929258570119,0.6184654316217147,0.03585389735847734,0.2713311421602823,0.6648987523414696,1.037380035088175
644062,ECON ENGINEERING LIMITED,28990,manufacture of machinery and equipment (not elsewhere classified),5,L,N/A,02/04/2019,31/03/2020,2020,52,12,N,1,35114173.0,995035.0,27462070.0,7652103.0,7616616.0,5758540.0,9497067.0,432699.0,5535447.0,-869354.0,4666093.0,240000.0,4426093.0,47175533,0.0,47175533.0,21841420.0,5295769.0,3112299.0,13178456.0,9979.0,-4215148.0,0.0,69016953.0,15591402.0,1999689.0,0,7684726.0,5906987.0,7638646.0,0.0,8290837,23882239.0,45134714,6250018.0,19312.0,45134714,45106819.0,0.0,45134714.0,13757674.0,-5732890,1517742.0,0.0,53425551,243.0,1,15.76413888,1.400863117,5.6182514989999985,18.36909169,65.39656133,20.78609355,55.04773486,21841419.8,10.36104803,8.020416375,0.345441471,8.863369785,12.26427844,0.5291323879885447,15255607.0,2.5655087750457364,0.10866926565129584,0.08978272628175862,0.7294367675142077,1.133931722230901,0.503688293367573
798939,ENGEL U.K. LIMITED,28960,manufacture of machinery and equipment (not elsewhere classified),5,L,N/A,02/04/2019,31/03/2020,2020,52,12,N,1,20590079.0,3378543.0,15930048.0,4660031.0,3008703.0,870724.0,202216.0,2.0,902687.0,-191082.0,711605.0,1250000.0,-538395.0,1860314,0.0,1860314.0,10583290.0,7182741.0,402815.0,2568615.0,429119.0,835090.0,0.0,12443604.0,10263878.0,326566.0,0,5594857.0,4342455.0,0.0,0.0,6500,10270378.0,2173226,319412.0,1200000.0,2173226,973226.0,0.0,2173226.0,2571136.0,835090,0.0,0.0,2179726,45.0,1,4.3840871130000005,1.0311200109999998,64.46244662,0.299094526,17.4646027,5.789030241,127.3283344,10583289.96,41.41286565,7.254224741,4.722876498,1.956354806,41.53672927,4.725867443146731,1072940.0,2.0198546789452045,0.030802523127544074,-0.06057352837650571,0.284539913034841,0.12696081877414833,1.6381249523851766
833384,TRANSLIFT BENDI LIMITED,28220,manufacture of machinery and equipment (not elsewhere classified),5,L,N/A,02/10/2018,31/03/2020,2020,78,18,N,1,19677009.0,0.0,15690217.0,3986792.0,5537794.0,-219703.0,196869.0,34858.0,-254529.0,139952.0,-114577.0,256754.0,-371331.0,365334,0.0,365334.0,6798032.0,2187314.0,3507807.0,300082.0,802829.0,0.0,0.0,7163366.0,5066519.0,2912415.0,0,378401.0,1775703.0,174627.0,0.0,262834,5329353.0,1834013,1731513.0,675321.0,1834013,1143455.0,0.0,1834013.0,0.0,0,0.0,851775.0,2096847,88.0,1,-1.293535008,1.341755947,11.36405502,14.33108708,25.60267059,54.02403765,40.57372795,6798031.307999998,-12.13865389,-3.553203899,2.762531672,17.82693193,-13.87825495,2.90584254310084,-22834.0,3.1328756263581186,0.2900613482544379,-0.07257250292669674,-0.010519105124602036,0.20648056152407246,2.7194253246309064
889363,A.B. PRECISION (POOLE) LIMITED,28290,manufacture of machinery and equipment (not elsewhere classified),5,L,N/A,02/04/2019,31/03/2020,2020,52,12,N,1,4796113.0,3073615.0,3877898.0,918215.0,2370635.0,-939192.0,59751.0,453669.0,-1351142.0,545557.0,-805585.0,0.0,-805585.0,87776,0.0,87776.0,5109398.0,457491.0,2437429.0,486045.0,1728433.0,0.0,0.0,5197174.0,5882329.0,873867.0,0,3088772.0,1919690.0,0.0,0.0,127217,6009546.0,-812372,-772931.0,13755.0,-812372,-826127.0,0.0,-812372.0,0.0,0,0.0,0.0,-685155,53.0,1,-28.1716048,0.868601195,-6.205098515,-15.65994397,-15.63103333,66.50415764,34.8165723,5109397.586,197.20238490000003,-25.99762871,-7.240930262999999,50.82092520000001,166.3206019,-7.397529703140925,-879441.0,-0.1213876684414813,-0.17846568154154546,-0.2170062037561182,-0.5584102629621406,-0.08110815692233657,0.9136026367406594
954839,MSI-DEFENCE SYSTEMS LTD,28990,manufacture of machinery and equipment (not elsewhere classified),5,L,N/A,25/04/2019,30/04/2020,2020,53,12,N,1,23464000.0,14384000.0,18509000.0,4955000.0,6559000.0,267000.0,102000.0,162000.0,233000.0,337000.0,570000.0,1000000.0,-430000.0,5371000,0.0,5371000.0,26734000.0,723000.0,9608000.0,14380000.0,2023000.0,0.0,0.0,32105000.0,17191000.0,1952000.0,32000,353000.0,14854000.0,0.0,0.0,4853000,22012000.0,10093000,9543000.0,3259000.0,10093000,5811000.0,0.0,10093000.0,0.0,0,0.0,0.0,14914000,141.0,1,0.993010569,1.555116049,2.458765587,48.08282968,31.4374708,30.36481418,11.24680361,26733999.44,1.562290465,0.7257436540000001,1.703259685,40.94783498,2.308530665,2.1809174675517684,369000.0,1.374526749931788,0.3566921040336396,-0.01875097336863417,0.03792867154648808,0.275113574413956,0.7235433733063386
1112880,MECHATHERM INTERNATIONAL LIMITED,28210,manufacture of machinery and equipment (not elsewhere classified),5,L,N/A,02/03/2019,29/02/2020,2020,52,12,N,1,34931324.0,33952582.0,33729853.0,1201471.0,3374143.0,137598.0,39784.0,0.0,87012.0,13048.0,100060.0,50000.0,50060.0,136961,0.0,136961.0,11628282.0,3148942.0,3042963.0,5105339.0,331038.0,-5663056.0,0.0,11765243.0,9846017.0,9143253.0,0,290729.0,412035.0,0.0,0.0,0,9846017.0,1919226,1782265.0,10000.0,1919226,1909226.0,0.0,1919226.0,-5742576.0,-5663056,0.0,0.0,1919226,69.0,1,0.24909448,1.181013805,19.59939964,0.0,16.31267624,95.53852997,32.90352894,11628281.69,4.533702648999999,0.739568235,5.130201967,8.711273011,4.533702648999999,5.130201966834547,177382.0,3.2937841572994135,0.18178273070942946,0.005956868039189671,0.0497533795094585,0.1169544598592507,2.9393367191820867
1117835,BARTON FIRTOP ENGINEERING CO LIMITED,28131,manufacture of machinery and equipment (not elsewhere classified),5,L,N/A,02/04/2019,31/03/2020,2020,52,12,Y,1,14345585.0,10611192.0,6891475.0,7454110.0,4135348.0,2182878.0,76332.0,11422.0,2272264.0,-376311.0,1895953.0,335000.0,1511361.0,1794590,5609.0,1800199.0,12971101.0,4810521.0,1958051.0,4436580.0,1732962.0,1296598.0,32987.0,14771300.0,1883409.0,1504528.0,124187,0.0,254694.0,0.0,0.0,766891,2526113.0,12245187,11087692.0,10000.0,12239578,12219187.0,0.0,12245187.0,1924934.0,1174414,122184.0,0.0,12887891,170.0,1,15.83946559,6.887033565,1.2938296809999998,6.262795333,82.9299963,38.28025975,122.3958566,12971099.96,17.63099952,15.38296562,0.153808104,13.64915408,18.55638464,0.2063888967413746,2259210.0,5.417315578010808,0.9007487763433144,0.1432443589934535,0.5047215207869313,2.9071331329991965,0.9614677888879112
1179249,GRANGE SQUARE LIMITED,28990,manufacture of machinery and equipment (not elsewhere classified),5,L,N/A,02/10/2018,31/03/2020,2020,78,18,N,1,274930.0,0.0,209879.0,65051.0,0.0,-36032.0,1504.0,0.0,-32244.0,4013.0,-28231.0,96761.0,-124992.0,2402,0.0,2402.0,316476.0,13247.0,31834.0,262737.0,8658.0,0.0,0.0,318878.0,12413.0,3091.0,0,0.0,9322.0,0.0,0.0,0,12413.0,306465,304063.0,52.0,306465,300337.0,6076.0,306465.0,0.0,0,0.0,0.0,306465,5.0,1,-11.72807624,25.49552888,0.904187619,0.0,96.10728868,4.103644564,17.58685847,316473.4354,-10.521266699999998,-10.11170416,0.04050381,11.57894737,-10.521266699999998,0.04050380957042403,-34528.0,15.905140189494686,1.1442482704984351,-0.5487641041401413,-0.3573228632894085,14.813421413034721,0.8535574733910775
1203315,DORST COMPACTING LIMITED,28910,manufacture of machinery and equipment (not elsewhere classified),5,L,N/A,02/04/2019,31/03/2020,2020,52,12,N,1,34026.0,0.0,0.0,34026.0,0.0,26637.0,246.0,0.0,30707.0,3.0,30710.0,0.0,30710.0,274800,0.0,274800.0,93901.0,0.0,0.0,28815.0,65086.0,0.0,0.0,368701.0,11623.0,0.0,0,8979.0,2644.0,0.0,0.0,0,11623.0,357078,82278.0,100000.0,357078,257078.0,0.0,357078.0,0.0,0,0.0,0.0,357078,1.0,1,90.24569447,8.078895294,0.413549187,0.0,96.8475811,0.0,0.0,93901.0,8.599521673,8.328428727,0.032550311,0.0,8.599521673,0.032550311136502384,26883.0,19.149375981048532,0.2677877195885012,0.11660939351941005,0.2406120406508255,18.4330035274886,0.09136329980119393
1244978,HYSTAT SYSTEMS LIMITED,28131,manufacture of machinery and equipment (not elsewhere classified),5,L,N/A,02/03/2019,29/02/2020,2020,52,12,N,1,7562424.0,2041880.0,5316369.0,2246055.0,2848484.0,224337.0,268583.0,13268.0,211382.0,50756.0,262138.0,0.0,262138.0,2021953,0.0,2021953.0,3686991.0,1603225.0,1506900.0,320372.0,256494.0,202019.0,0.0,5708944.0,1220486.0,737953.0,29460,117588.0,335485.0,135370.0,0.0,528275,1719301.0,3989643,2466505.0,50663.0,3989643,3728709.0,0.0,3989643.0,670591.0,395665,-193646.0,0.0,4488458,85.0,1,2.795161975,3.020920355,3.066048518,13.24115967,69.88408014,35.61726306,77.37957102,3686989.765,4.709457012,3.702646234,0.305913587,19.92615066,5.298268542,0.4309410641503513,492920.0,3.571379875416833,0.5184506977122214,0.06428390259214313,0.2849276503675636,1.3923017551900452,1.3114158695548601
1297526,COUNTY PUMPS LIMITED,28131,manufacture of machinery and equipment (not elsewhere classified),5,L,N/A,02/04/2019,31/03/2020,2020,52,12,N,1,771675.0,0.0,370161.0,401514.0,0.0,84782.0,1573.0,55900.0,28882.0,-5961.0,22921.0,0.0,22921.0,259842,0.0,259842.0,259233.0,156002.0,91997.0,7879.0,3355.0,0.0,0.0,519075.0,112143.0,69000.0,0,0.0,43143.0,0.0,0.0,164079,276222.0,242853,147090.0,500.0,242853,131466.0,0.0,242853.0,0.0,0,0.0,0.0,406932,9.0,1,3.742767357,2.311628902,5.246277789,67.56309372,46.78572461,32.63679658,73.78848609,259232.1796,7.097500319,5.564128498,0.461773171,11.92172871,11.89279111,1.1374041086583242,86355.0,2.9501479272176523,0.3400433463372345,0.061820353513461435,0.5489986996098829,0.527516997197906,1.4717685305591677
1357835,KMG SYSTEMS LIMITED,28930,manufacture of machinery and equipment (not elsewhere classified),5,L,N/A,02/07/2019,30/06/2020,2020,52,12,N,1,25789808.0,0.0,15004291.0,10785517.0,8502174.0,6640359.0,328558.0,0.0,6676193.0,-972392.0,5703801.0,1650000.0,4053801.0,8498360,0.0,8498360.0,20192858.0,6686364.0,3450060.0,9554206.0,172175.0,6314111.0,0.0,28691218.0,9153980.0,1069888.0,0,0.0,8084092.0,0.0,0.0,358426,9512406.0,19178812,11038878.0,100000.0,19178812,19078812.0,0.0,19178812.0,10293682.0,6314111,0.0,0.0,19537238,169.0,1,25.8869434,2.205910216,2.33627077,1.868864453,66.84558320000001,15.14199408,94.63129233,20192857.62,34.17163163,23.2691167,0.477296508,13.37761026,34.81025311,0.4959851527821431,6968917.0,3.5606528980102814,0.4616971506751648,0.1978069177822984,0.8015493138004807,1.209713630810123,0.8898858849422147
1380206,PENNY HYDRAULICS LIMITED,28220,manufacture of machinery and equipment (not elsewhere classified),5,L,N/A,02/07/2019,30/06/2020,2020,52,12,N,1,7229856.0,742927.0,3523439.0,3706417.0,2997146.0,750639.0,240768.0,0.0,748764.0,-62778.0,685986.0,424000.0,261986.0,2174327,0.0,2174327.0,5648897.0,531546.0,1335267.0,3056949.0,257133.0,-22706.0,468002.0,7823224.0,1210301.0,398532.0,0,0.0,811769.0,0.0,0.0,190938,1401239.0,6421985,4438596.0,1500.0,6421985,6409985.0,0.0,6421985.0,1104551.0,-22706,0.0,0.0,6612923,84.0,1,10.35655482,4.667348866,1.628861018,2.973192868,82.0887271,20.1199277,26.83515273,5648895.897000001,11.32273883,9.5710413,0.188462134,18.46879108,11.65938569,0.21819406305059885,991407.0,4.81067074134512,0.6808337841278737,0.046883535483580686,0.4181962704889953,2.7498456722943048,0.9149114789503664
1382580,M.M.D. MINING MACHINERY DEVELOPMENTS LIMITED,28921,manufacture of machinery and equipment (not elsewhere classified),5,L,N/A,02/03/2019,29/02/2020,2020,52,12,Y,1,45647356.0,45632476.0,34601691.0,11045665.0,8112228.0,4300714.0,638729.0,0.0,4312388.0,197497.0,4509885.0,0.0,4509885.0,7699035,0.0,7699035.0,58357781.0,23343842.0,19084495.0,13607052.0,1983867.0,1182552.0,338525.0,66056816.0,10800137.0,5064170.0,0,152829.0,5583138.0,0.0,0.0,364115,11164252.0,54892564,47557644.0,100.0,54892564,54892464.0,0.0,54892564.0,2246423.0,1182552,0.0,535449.0,55256679,155.0,1,9.447180249,5.403429697000001,0.959832157,0.663322996,83.09901585,40.4935184,186.659274,58357779.23,7.8042837139999985,6.528301334,0.196750456,41.80854418,7.856051322000001,0.20338368599433612,4939443.0,4.840492926136952,0.8639407143087248,0.0955819456995929,0.2467597272626643,2.9500891237496254,0.6841214151163447
1508951,YAMAZAKI MAZAK U.K. LIMITED,28490,manufacture of machinery and equipment (not elsewhere classified),5,L,N/A,02/04/2019,31/03/2020,2020,52,12,N,1,433822000.0,354736000.0,412735000.0,21087000.0,35794000.0,2107000.0,3409000.0,35000.0,2121000.0,-503000.0,1618000.0,0.0,1618000.0,36207000,0.0,36207000.0,178939000.0,22667000.0,107971000.0,26436000.0,19369000.0,0.0,0.0,215146000.0,97823000.0,10613000.0,0,75796000.0,11414000.0,0.0,0.0,28460000,126283000.0,88863000,81116000.0,10000000.0,88863000,78863000.0,0.0,88863000.0,0.0,0,0.0,0.0,117323000,612.0,1,0.488910198,1.829211944,5.348168056,32.02682781,41.30357989,8.929341988,19.07108215,178938998.9,1.807829667,0.985842172,1.100829367,24.88831825,2.386820161,1.4210976446890158,5516000.0,2.9660208644065515,0.4524332313870581,0.010528664255900645,0.08460673217257117,0.4222088483802254,1.9962433882107964
1548328,HYDRATRON LIMITED,28131,manufacture of machinery and equipment (not elsewhere classified),5,L,N/A,02/04/2019,31/03/2020,2020,52,12,N,1,3528000.0,0.0,2966000.0,562000.0,903000.0,-166000.0,57000.0,19000.0,-185000.0,34000.0,-151000.0,0.0,-151000.0,67000,0.0,67000.0,2028000.0,839000.0,603000.0,259000.0,327000.0,0.0,0.0,2095000.0,1582000.0,720000.0,0,15000.0,847000.0,0.0,0.0,0,1582000.0,513000,446000.0,0.0,513000,-2527000.0,0.0,513000.0,0.0,0,0.0,0.0,513000,21.0,1,-5.243764172,1.281921618,7.910313901,0.0,24.48687351,74.48979592,86.80130385,2027999.619,-36.06237817,-8.830548926,3.083820663,17.09183673,-36.06237817,3.083820662768032,-109000.0,1.8445972561242376,0.2554653937947494,-0.10090692124105012,-0.17169451073985678,0.1945638432364096,1.6671694510739856
1563799,MOLLART ENGINEERING LIMITED,28990,manufacture of machinery and equipment (not elsewhere classified),5,L,N/A,02/04/2019,31/03/2020,2020,52,12,N,1,15076762.0,4677149.0,9815151.0,5261611.0,5197944.0,574828.0,472417.0,78762.0,496066.0,-45776.0,450290.0,0.0,450290.0,2486133,0.0,2486133.0,10706413.0,3721497.0,3370595.0,0.0,3614321.0,0.0,0.0,13192546.0,4813911.0,1685286.0,759730,651843.0,1717052.0,305118.0,0.0,1304983,5359164.0,7833382,5892502.0,10002.0,7833382,7823380.0,0.0,7833382.0,0.0,0,0.0,0.0,8378635,118.0,1,3.290268826,2.224057113,2.558635025,16.65925395,59.37733323,40.79983421,90.09536696,10706412.3,5.920606399,3.760199131,0.614538012,22.35622609,6.332718103,0.6841443453159823,1047245.0,2.854132813203634,0.5359846689183422,0.04778501435583397,0.2619591775537489,0.8770079064570518,1.1313960459186574
1624251,THERMOTEKNIX SYSTEMS LIMITED,28990,manufacture of machinery and equipment (not elsewhere classified),5,L,N/A,02/05/2019,30/04/2020,2020,52,12,N,1,10922124.0,10097474.0,3937055.0,6985069.0,3698529.0,2004380.0,18247.0,0.0,2005568.0,54600.0,2060168.0,287000.0,1773168.0,148147,0.0,148147.0,10271891.0,1211542.0,2393445.0,6094535.0,572369.0,4037567.0,0.0,10420038.0,4260521.0,1591253.0,0,0.0,2669268.0,0.0,0.0,13300,4273821.0,6146217,6011370.0,1000.0,6146217,6145217.0,0.0,6146217.0,4016228.0,4037567,0.0,0.0,6159517,57.0,1,18.36243573,2.410947159,1.816910954,0.21639327100000005,58.98459295,53.17714256,40.4878053,10271890.44,32.56047512,19.24722347,0.6931940409999999,21.91373216,32.63093379,0.6953579738561134,2022627.0,3.4716510897621564,0.6922857670960509,0.2382366743768113,0.6405609173402247,0.8628649164295836,1.0377028145194864
1649976,K. G. D. ENTERPRISES LIMITED,28930,manufacture of machinery and equipment (not elsewhere classified),5,L,N/A,01/01/2019,31/03/2020,2020,65,15,N,1,9491608.0,0.0,7527768.0,1963840.0,4859575.0,88042.0,181524.0,0.0,113844.0,156635.0,270479.0,0.0,270479.0,3064413,0.0,3064413.0,7904746.0,1939685.0,3756760.0,465590.0,1351824.0,-2409936.0,0.0,10969159.0,2466900.0,888357.0,0,305728.0,1272815.0,0.0,0.0,148725,2615625.0,8353534,5437846.0,134550.0,8353534,8217625.0,0.0,8353534.0,-2789127.0,-3791513,1381577.0,0.0,8502259,108.0,1,1.199417422,3.204323645,1.7454720119999998,1.780384206,76.15473529,34.1617885,74.59063048,7904744.477000001,1.338985321,1.037855318,0.29531214,39.57980566,1.362824405,0.3131159818108121,269566.0,3.4833754050334886,0.5948874658485669,0.034521388558594136,0.08109717435949282,1.9162228530465948,0.8566465232202396
1699297,SEWTEC AUTOMATION LIMITED,28990,manufacture of machinery and equipment (not elsewhere classified),5,L,N/A,02/07/2019,30/06/2020,2020,52,12,N,1,23015929.0,17822166.0,12600949.0,10414980.0,5723390.0,6994691.0,206162.0,13474.0,7001259.0,-1732805.0,5268454.0,0.0,5268454.0,2887452,184651.0,3072103.0,24576566.0,2202026.0,2276350.0,3169966.0,16928224.0,0.0,0.0,27648669.0,7770539.0,981740.0,0,404088.0,6384711.0,0.0,0.0,823840,8594379.0,19054290,16806027.0,1000.0,18869639,19053290.0,0.0,19054290.0,0.0,0,0.0,0.0,19878130,127.0,1,30.41918925,3.162787807,1.369504464,4.323645751,69.37910542,15.56900441,34.92101014,24576565.71,35.22091364,25.32222799,0.407810472,9.890324219,36.74374117,0.4554607006525138,7200853.0,3.997102235318668,0.7294106056244516,0.2667700061800443,0.8594560157669795,1.317347466291631,0.8241181414555615
1715650,PREMIER TECH SYSTEMS AND AUTOMATION LIMITED,28290,manufacture of machinery and equipment (not elsewhere classified),5,L,N/A,02/03/2019,29/02/2020,2020,52,12,N,1,1622173.0,0.0,1097403.0,524770.0,0.0,47787.0,44337.0,0.0,47787.0,0.0,47787.0,0.0,47787.0,108929,0.0,108929.0,1551855.0,205.0,0.0,122663.0,1428987.0,0.0,0.0,1660784.0,186404.0,19.0,0,46.0,186339.0,0.0,0.0,0,186404.0,1474380,1365451.0,705008.0,1474380,-3200931.0,0.0,1474380.0,0.0,0,0.0,0.0,1474380,20.0,1,2.945863357,8.325223708,1.188012605,0.0,88.77614428,0.00427513,0.0461264,1551855.0,3.241158996,2.877375986,0.126428736,0.0,3.241158996,0.1264287361467193,92124.0,6.922682287989384,0.9866070482374588,0.04028326380793649,0.18305161899440264,4.745756528829854,0.9669838281197314
1811448,BANKING AUTOMATION LIMITED,28990,manufacture of machinery and equipment (not elsewhere classified),5,L,N/A,02/07/2019,30/06/2020,2020,52,12,N,1,8596969.0,0.0,5872622.0,2724347.0,0.0,97558.0,104750.0,4635.0,95010.0,46550.0,141560.0,250000.0,-108440.0,206539,324971.0,531510.0,4592615.0,1199397.0,2122577.0,426348.0,844293.0,0.0,0.0,5124125.0,2517851.0,1457528.0,0,0.0,1060323.0,0.0,0.0,323532,2841383.0,2282742,2074764.0,41317.0,1957771,1517842.0,0.0,2282742.0,0.0,0,0.0,0.0,2606274,35.0,1,1.105156945,1.824021755,4.1435888610000005,14.17295516,47.56550842,61.88200981,50.92258737,4592614.157,3.645434056,1.854170224,1.102994118,24.68982964,4.162099791,1.4513357282337924,202308.0,2.660921165132092,0.485881355353353,-0.029627692532871463,0.13028885907350035,0.41341227141853104,1.660966371819579
1829910,WEATHERITE AIR CONDITIONING LIMITED,28250,manufacture of machinery and equipment (not elsewhere classified),5,L,N/A,02/03/2019,29/02/2020,2020,52,12,N,1,29673200.0,121333.0,0.0,0.0,7056825.0,799429.0,108419.0,0.0,799429.0,-118041.0,681388.0,0.0,681388.0,573133,36032.0,609165.0,10692741.0,5788765.0,4607559.0,94136.0,202281.0,0.0,0.0,11301906.0,9429649.0,3376552.0,660945,2665301.0,2726851.0,0.0,0.0,1576397,10345101.0,956805,1263092.0,5000.0,920773,951805.0,0.0,956805.0,0.0,0,0.0,0.0,1872257,143.0,1,2.694111185,1.133948994,23.49250886,164.75635060000005,8.492949592999999,41.53382446,71.20564095,10692740.51,42.69867865,7.073399832000001,9.855350881,15.52767817,83.55192542,11.235234960191057,907848.0,3.1362480330052818,0.13411104286303566,0.08440551531750486,0.2650790406503115,0.05340342254754207,2.5992490116268883
1832141,ISHIDA EUROPE LTD.,28930,manufacture of machinery and equipment (not elsewhere classified),5,L,N/A,22/03/2019,20/03/2020,2020,52,12,Y,1,136221000.0,33585000.0,0.0,0.0,33410000.0,8795000.0,797000.0,16000.0,9197000.0,-1297000.0,7900000.0,0.0,7900000.0,7348000,595000.0,7943000.0,145653000.0,31291000.0,30263000.0,81628000.0,2471000.0,13317000.0,0.0,153596000.0,62772000.0,21982000.0,0,0.0,40790000.0,0.0,0.0,2303000,65075000.0,88521000,82881000.0,505000.0,87926000,88016000.0,0.0,88521000.0,15061000.0,13317000,0.0,2127000.0,90824000,650.0,1,6.751528766,2.3203498380000003,1.643573316,2.601642548,57.8564846,58.90009617,83.84327673,145652999.5,10.1261781,5.98778614,0.70911987,22.21610471,10.38962506,0.7401110024338649,9592000.0,2.614314234061372,0.6475246751217479,0.07200708351779994,0.20608349175759785,0.8106892047637341,0.8780097789004921
1857001,ARCTIC CIRCLE LTD.,28990,manufacture of machinery and equipment (not elsewhere classified),5,L,N/A,02/04/2019,31/03/2020,2020,52,12,N,1,6918222.0,0.0,5310048.0,1608174.0,1558133.0,354994.0,137589.0,117379.0,237615.0,10699.0,248314.0,0.0,248314.0,2004252,346643.0,2350895.0,6974358.0,2118501.0,4595807.0,2181.0,38260.0,23311.0,0.0,9325253.0,5117739.0,1364221.0,1078566,227834.0,2447118.0,18322.0,0.0,1416023,5455196.0,3870057,1856619.0,7315.0,3523414,2803313.0,1030429.0,3870057.0,354230.0,102254,-78943.0,0.0,4207514,62.0,1,3.434625255,1.362781103,3.72624755,36.58920269,43.10307497,71.97523656,111.7704614,6974357.102000001,5.647396539,2.548081001,1.322393701,66.43046436,6.139832049,1.5482699450022053,492583.0,1.572499431400196,0.2389149978022044,0.037279374618576035,0.17431418750783492,0.38752932066968815,0.7344615508018925
1932347,STEPHILL GENERATORS LIMITED,28290,manufacture of machinery and equipment (not elsewhere classified),5,L,N/A,02/04/2019,31/03/2020,2020,52,12,N,1,12831650.0,1528807.0,9839037.0,2992613.0,1563214.0,1802517.0,62236.0,0.0,1802590.0,185314.0,1987904.0,2000000.0,-12096.0,1237280,0.0,1237280.0,8008589.0,2271702.0,3542326.0,2173383.0,0.0,995662.0,0.0,9245869.0,2119978.0,1080714.0,0,28765.0,1010499.0,0.0,0.0,20875,2140853.0,7105016,5888611.0,50000.0,7105016,7055016.0,0.0,7105016.0,2700757.0,995662,0.0,0.0,7125891,49.0,1,14.0479985,3.777675523,2.179062261,0.293806516,76.84530248,30.74122268,64.61922122,8008587.329,25.2963454,19.49616634,0.298377653,27.60616133,25.37066771,0.3013157183600994,1864753.0,4.793211930385649,0.7642692320213491,-0.001831563912488918,0.6655604681398795,1.9912668455050395,1.37394694863187
1948743,KOMATSU UK LIMITED,28922,manufacture of machinery and equipment (not elsewhere classified),5,L,N/A,02/04/2019,31/03/2020,2020,52,12,N,1,204787000.0,170123000.0,0.0,0.0,24257000.0,3244000.0,2287000.0,273000.0,4226000.0,-1030000.0,3196000.0,1156000.0,2040000.0,55591000,0.0,55591000.0,103629000.0,123000.0,68442000.0,12327000.0,22737000.0,0.0,0.0,159220000.0,47571000.0,4884000.0,0,34006000.0,8681000.0,0.0,0.0,15845000,63416000.0,95804000,56058000.0,23810000.0,95804000,71994000.0,0.0,95804000.0,0.0,0,0.0,0.0,111649000,466.0,1,2.063607553,2.178407013,3.653127118,16.53897541,60.17083281,8.704947091000001,0.219227783,103628998.6,3.785076445,2.654189172,0.496545029,33.42106677,4.411089307,0.6619347835163458,5531000.0,2.7348285700361483,0.42249466147468906,0.017937445044592392,0.11463572415525687,0.9064337075816828,1.2733270317799272
1957036,TONG ENGINEERING LIMITED,28302,manufacture of machinery and equipment (not elsewhere classified),5,L,N/A,01/02/2019,31/01/2020,2020,52,12,N,1,18329687.0,6336966.0,14297775.0,4031912.0,6100150.0,969281.0,336040.0,50867.0,909925.0,-98385.0,811540.0,45496.0,766044.0,4399348,0.0,4399348.0,7143542.0,1535168.0,3296533.0,1824671.0,487170.0,406444.0,0.0,11542890.0,3833047.0,983848.0,0,206055.0,2643144.0,323444.0,0.0,1831165,5664212.0,5878678,3310495.0,157500.0,5878678,4922325.0,405263.0,5878678.0,1926831.0,-487886,894330.0,0.0,7709843,172.0,1,4.96421461,1.863671904,5.5368417710000015,31.14926519,50.92899612,19.59141583,30.56987934,7143541.14,11.802121,7.882991175,0.652025336,17.98466608,15.47839497,0.9635179882279656,1305321.0,3.0050507688968238,0.3441593916254941,0.09291101275330528,0.3731785800609726,0.6227180056113719,1.5720837788456792
1972451,APPH LIMITED,28120,manufacture of machinery and equipment (not elsewhere classified),5,L,N/A,02/04/2019,31/03/2020,2020,52,12,N,1,53376000.0,31660000.0,41675000.0,11701000.0,15156000.0,8253000.0,1775000.0,163000.0,8090000.0,-1500000.0,6590000.0,1594000.0,4996000.0,11642000,1198000.0,12840000.0,36420000.0,10305000.0,21128000.0,1913000.0,3074000.0,0.0,0.0,49260000.0,10544000.0,4454000.0,1320000,1162000.0,3608000.0,2999000.0,0.0,6359000,15583000.0,33677000,25876000.0,8413000.0,32479000,23475000.0,0.0,33677000.0,0.0,0,0.0,0.0,38716000,335.0,1,15.1566247,3.454097117,2.062760859,18.88232325,70.06990970000001,30.45769634,70.46846897,36419998.0,20.89575369,16.42306131,0.313092021,39.58333333,24.02232978,0.4797869392530558,10028000.0,3.7674093348808726,0.6303532277710109,0.14198944376776287,0.6717904993909866,1.2505550920875312,1.072721071863581
1986500,CASCADE (U.K.) LIMITED,28220,manufacture of machinery and equipment (not elsewhere classified),5,L,N/A,02/04/2019,31/03/2020,2020,52,12,N,1,17101000.0,6990000.0,15909000.0,1192000.0,3280000.0,-102000.0,487000.0,300000.0,-380000.0,-12000.0,-392000.0,0.0,-392000.0,4235000,0.0,4235000.0,6707000.0,1970000.0,4460000.0,0.0,277000.0,0.0,0.0,10942000.0,10756000.0,555000.0,0,9469000.0,732000.0,52000.0,0.0,52000,10808000.0,134000,-4049000.0,2500000.0,134000,-6303000.0,0.0,134000.0,0.0,0,0.0,0.0,186000,98.0,1,-2.222092275,0.623558944,-4.223511978,38.80597015,1.224639006,11.84579849,42.0472487,6706999.585,-204.3010753,-3.472856882,80.26865672,26.08034618,-283.5820896,80.65671641791045,385000.0,1.1765935676450798,-0.4440504478157558,-0.050155364649972584,0.11611222811186254,0.007438934122871946,1.5472482178760738
1999544,BERTHOUD SPRAYERS LIMITED,28302,manufacture of machinery and equipment (not elsewhere classified),5,L,N/A,02/10/2019,30/09/2020,2020,52,12,N,2,1080828.0,0.0,808318.0,272510.0,128418.0,29204.0,17969.0,355.0,28849.0,-5795.0,23054.0,14000.0,9054.0,28217,0.0,28217.0,653996.0,229950.0,42843.0,318813.0,62390.0,69107.0,0.0,682213.0,221121.0,51766.0,0,103343.0,66012.0,0.0,0.0,0,221121.0,461092,432875.0,100.0,461092,460992.0,0.0,461092.0,92611.0,83107,-14000.0,0.0,461092,8.0,1,2.66915735,2.957638578,2.49685937,0.0,67.58768889,17.48158819,77.6550478,653995.8062,6.256668951,4.228737945,0.479559394,3.96390545,6.256668951,0.4795593937869232,47173.0,3.827786876808752,0.7614190875870146,0.01858012087134077,0.22818518556521206,1.251148466224375,1.5684540165608103
2120023,W B POWER SERVICES LIMITED,28110,manufacture of machinery and equipment (not elsewhere classified),5,L,N/A,02/05/2019,30/04/2020,2020,52,12,N,1,25743357.0,0.0,18392917.0,7350440.0,4588361.0,2040669.0,1098071.0,267286.0,1773383.0,-239602.0,1533781.0,909866.0,623915.0,11105338,0.0,11105338.0,9774895.0,5105021.0,2647618.0,1544148.0,81100.0,1247705.0,0.0,20880233.0,11449108.0,7680713.0,402887,1311625.0,2053883.0,2868646.0,0.0,5620495,16666716.0,4213517,-1674213.0,5000.0,4213517,3582054.0,536377.0,4213517.0,3380221.0,399649,848056.0,0.0,9431125,112.0,1,6.888701423,0.853769132,-15.37639297,133.3920096,20.17945394,108.9003367,72.38110651,9774894.769,18.80351496,8.493118827,2.717233133,10.28466489,42.08795170000001,3.955535482590909,3138740.0,1.8139372897085493,-0.09621806423328703,0.04183291441240143,0.4960596943530276,0.1516861630089575,1.22057658216745
2127427,CAMBUSTION LIMITED,28990,manufacture of machinery and equipment (not elsewhere classified),5,L,N/A,02/05/2019,30/04/2020,2020,52,12,N,1,11512361.0,6456344.0,5433950.0,6078411.0,4028667.0,2939792.0,480855.0,0.0,2959018.0,-133764.0,2825254.0,2500000.0,325254.0,743049,0.0,743049.0,10607385.0,1754261.0,3466741.0,4667628.0,718755.0,0.0,0.0,11350434.0,1285674.0,394018.0,0,0.0,891656.0,0.0,0.0,46998,1332672.0,10017762,9321711.0,17007.0,10017762,9413429.0,0.0,10017762.0,0.0,0,0.0,0.0,10064760,69.0,1,25.70296397,8.250446847000001,1.23500514,0.469146702,88.25884543,12.49236104,55.61893559,10607382.3,29.39978698,26.06964632,0.128339443,30.11320614,29.53771511,0.13303091049677562,3420647.0,7.534500349103017,0.9855176639060672,0.04011790209960253,0.9945113200076754,4.510229974067137,1.004123489022534
2183496,T. MUSK ENGINEERING LIMITED,28930,manufacture of machinery and equipment (not elsewhere classified),5,L,N/A,02/03/2019,29/02/2020,2020,52,12,N,1,16083576.0,0.0,14817327.0,1266249.0,6357583.0,-1386215.0,141672.0,24526.0,-1410741.0,-79531.0,-1490272.0,0.0,-1490272.0,420022,0.0,420022.0,6983854.0,4159881.0,10272.0,0.0,2813701.0,0.0,0.0,7403876.0,5262137.0,1174010.0,370826,2018533.0,1698768.0,0.0,0.0,370826,5262137.0,2141739,1721717.0,200000.0,2141739,1768078.0,173661.0,2141739.0,0.0,0,0.0,20181000.0,2141739,131.0,1,-8.77131429,1.327189695,9.341590982,17.31424791,28.92726729,26.64293376,94.40416516,6983853.998,-65.86895042,-19.05408735,2.4569459680000003,0.063866394,-65.86895042,2.4569459677392995,-1244543.0,1.8373479011167488,0.2790511888637789,-0.2817957513064778,-0.5547083581626705,0.2442056145630568,2.150595207159061
2210849,BILLION U.K. LIMITED,28960,manufacture of machinery and equipment (not elsewhere classified),5,L,N/A,02/10/2019,30/09/2020,2020,52,12,N,1,1607321.0,0.0,1005915.0,601406.0,0.0,29183.0,4513.0,0.0,29305.0,-1793.0,27512.0,0.0,27512.0,17779,0.0,17779.0,605484.0,256544.0,34347.0,279369.0,35224.0,0.0,0.0,623263.0,441463.0,25114.0,0,272410.0,143939.0,0.0,0.0,0,441463.0,181800,164021.0,300000.0,181800,-118200.0,0.0,181800.0,0.0,0,0.0,0.0,181800,8.0,1,1.823220128,1.371539631,9.799482993,0.0,29.16906667,5.703036295,58.25753536,605483.9222,16.11936194,4.70186743,2.428289329,2.136909802,16.11936194,2.4282893289328933,33696.0,3.3561868778104755,0.31579798576202983,0.061798630754593166,0.17841071907044054,0.24708752488883556,2.5530920173345764
2248713,EUCLID LIMITED,28960,manufacture of machinery and equipment (not elsewhere classified),5,L,N/A,02/04/2019,31/03/2020,2020,52,12,N,1,8211592.0,0.0,5597668.0,2613924.0,0.0,1305431.0,102871.0,0.0,1329656.0,-152842.0,1176814.0,175610.0,1001204.0,1943884,0.0,1943884.0,7380969.0,1714391.0,924055.0,4715649.0,26874.0,0.0,0.0,9324853.0,1460070.0,711801.0,0,3639.0,744630.0,0.0,0.0,22325,1482395.0,7842458,5920899.0,10000.0,7842458,7832458.0,0.0,7842458.0,0.0,0,0.0,0.0,7864783,33.0,1,16.19242651,5.055215846,1.386882634,0.284668404,84.10275208,31.63909812,76.20358086,7380968.3670000015,16.90645502,14.25927036,0.186175049,11.25305544,16.95458235,0.18902173272716286,1408302.0,5.4567017252126435,0.7619507567572379,0.15031717926277227,0.4983881890685033,3.1742381753851032,0.871807424739028
2274495,CLUSTERSKILL LIMITED,28410,manufacture of machinery and equipment (not elsewhere classified),5,L,N/A,02/04/2019,31/03/2020,2020,52,12,N,1,25586.0,0.0,25381.0,205.0,0.0,-25126.0,152.0,0.0,-25066.0,0.0,-25066.0,25000.0,-50066.0,1710,0.0,1710.0,144155.0,0.0,0.0,144155.0,0.0,0.0,0.0,145865.0,113921.0,0.0,0,0.0,113921.0,0.0,0.0,0,113921.0,31944,30234.0,2.0,31944,31942.0,0.0,31944.0,0.0,0,0.0,0.0,31944,0.0,1,-97.96763855,1.26539444,0.8462657929999999,0.0,21.89970178,0.0,0.0,144155.0,-78.46857,-17.18438282,3.566272226,0.0,-78.46857,3.566272226396193,-24974.0,-0.454906308142553,0.24872861892846124,-0.4805292565043019,-0.5650032564357453,0.16824290517112736,0.17365468069790554
2369982,J. BARNSLEY CRANES LIMITED,28220,manufacture of machinery and equipment (not elsewhere classified),5,L,N/A,02/04/2019,31/03/2020,2020,52,12,N,1,9993521.0,0.0,6430894.0,3562627.0,2904799.0,805704.0,69990.0,0.0,805704.0,-155356.0,650348.0,660000.0,-9652.0,502267,0.0,502267.0,11304012.0,6076891.0,3592721.0,1201420.0,310282.0,-3015125.0,0.0,11806279.0,1644867.0,1206519.0,0,11059.0,427289.0,505.0,0.0,12261,1657128.0,10149151,9659145.0,7500.0,10149151,10139151.0,0.0,10149151.0,-2136727.0,-3009067,-6058.0,0.0,10161412,58.0,1,8.062263541,6.87229545,1.034617557,0.120808135,85.96401118,44.06649418,221.9503231,11304009.82,7.929055528999998,6.824368626,0.16206941800000002,35.95050233,7.938634473,0.16327749976328068,875694.0,5.738105314386831,0.9817635175316456,-0.0011445435094325654,0.2447672293700665,3.674725549263545,0.8379935617310077
2481349,FOURDEES LIMITED,28990,manufacture of machinery and equipment (not elsewhere classified),5,L,N/A,02/04/2019,31/03/2020,2020,52,12,N,1,58168.0,0.0,41216.0,16952.0,0.0,4220.0,0.0,99.0,4121.0,-783.0,3338.0,0.0,3338.0,0,0.0,0.0,53555.0,0.0,50541.0,3014.0,0.0,0.0,0.0,53555.0,0.0,0.0,0,0.0,0.0,0.0,0.0,46866,46866.0,6689,53555.0,100.0,6689,6589.0,0.0,6689.0,0.0,0,0.0,0.0,53555,1.0,1,7.084651355,0.0,1.086135748,700.6428465,12.48996359,0.0,0.0,0.0,7.694893101,7.694893101,0.0,86.88797965,61.60861115,7.006428464643444,4220.0,2.7082016022710755,1.2,0.08725982634674632,0.2600317430678741,0.0856356420432723,1.0752743908131828
2532117,APPLIED AUTOMATION (UK) LIMITED,28990,manufacture of machinery and equipment (not elsewhere classified),5,L,N/A,02/04/2019,31/03/2020,2020,52,12,N,1,19708547.0,1321481.0,17261241.0,2447306.0,5492901.0,230142.0,157118.0,0.0,230822.0,-50008.0,180814.0,90000.0,90814.0,474625,0.0,474625.0,7915868.0,3680078.0,3316868.0,8073.0,317535.0,-244447.0,0.0,8390493.0,6144741.0,3367655.0,167000,1320917.0,1289169.0,0.0,0.0,251348,6229089.0,2161404,1771127.0,100000.0,2161404,1991749.0,0.0,2161404.0,-248309.0,688784,-933231.0,0.0,2245752,180.0,1,1.171177155,1.2882346059999998,11.12768706,11.62892268,25.76015498,62.36857923,68.15461688,7915867.46,10.27816072,2.7509944889999995,2.842939589,16.82959175,10.67926218,2.8819642232548843,387260.0,2.9543841500061534,0.25330482964469425,0.015152816407808216,0.15231023969628482,0.20819134226529756,2.325424921992069
2659543,CRYOGENIC LIMITED,28990,manufacture of machinery and equipment (not elsewhere classified),5,L,N/A,02/04/2019,31/03/2020,2020,52,12,N,2,11724896.0,11582906.0,4852069.0,6872827.0,4641884.0,365720.0,315289.0,101356.0,108351.0,301140.0,409491.0,0.0,409491.0,1231771,140071.0,1371842.0,12309958.0,2840836.0,3683117.0,177070.0,5608935.0,-60703.0,0.0,13681800.0,6631362.0,2451339.0,1679778,305661.0,2194584.0,359228.0,0.0,2124720,7076304.0,6605496,5678596.0,31600.0,6465425,6520496.0,0.0,6605496.0,221748.0,225149,-285852.0,0.0,7050438,89.0,1,0.924110542,1.856324236,2.064752625,32.16594182,48.77882285,76.31101675,88.43619082,12309957.44,1.536798139,0.791935272,1.00391583,31.41279036,1.640315882,1.094483966637924,681009.0,2.1008193893552307,0.4980569223347805,0.041901460334166564,0.16425687409551373,0.5482035537195689,0.8484005788712011
2678770,RAM SMAG LIFTING TECHNOLOGIES (UK) LTD,28220,manufacture of machinery and equipment (not elsewhere classified),5,L,N/A,02/10/2019,30/09/2020,2020,52,12,N,1,2229566.0,0.0,1100193.0,1129373.0,427486.0,417221.0,16147.0,0.0,489228.0,-94991.0,394237.0,300000.0,94237.0,146939,0.0,146939.0,3092915.0,317873.0,627818.0,892765.0,1177827.0,0.0,0.0,3239854.0,344775.0,81145.0,0,78554.0,185076.0,0.0,0.0,0,344775.0,2895079,2748140.0,1700000.0,2895079,1195079.0,0.0,2895079.0,0.0,0,0.0,0.0,2895079,10.0,1,21.94274581,8.97082155,0.811300007,0.0,89.35831676,13.28416607,52.03866806,3092913.1789999995,16.89860622,15.10031008,0.119090014,28.15875377,16.89860622,0.11909001446938065,433368.0,7.219503011504296,1.017875496858809,0.04072152634038447,0.4414132241761511,5.038205786382423,0.6812869777465281
2786571,TESLA ENGINEERING LIMITED,28990,manufacture of machinery and equipment (not elsewhere classified),5,L,N/A,02/03/2019,29/02/2020,2020,52,12,Y,1,54268000.0,0.0,39906000.0,14362000.0,18801000.0,6010000.0,1774000.0,130000.0,5933000.0,-513000.0,5420000.0,3000000.0,2420000.0,17806000,3451000.0,21257000.0,36706000.0,11268000.0,18348000.0,3808000.0,3282000.0,-1830000.0,0.0,57963000.0,29013000.0,3516000.0,267000,15028000.0,10202000.0,1983000.0,0.0,6406000,35152000.0,22811000,7693000.0,2000000.0,19360000,20666000.0,0.0,22811000.0,5815000.0,-3203000,1373000.0,0.0,28950000,512.0,1,10.93277806,1.265156999,7.054205122000001,28.08294244,41.84583211,23.64819046,75.78720425,36705999.37,20.49395509,10.2358401,1.271886371,33.809980100000004,26.00938144,1.815702479338843,7784000.0,1.918224194171676,0.15926711867915738,0.05845108086192916,0.4431654676258993,0.3304506144742831,0.9268899125304072
2806531,P.M.E.S. (U.K.) LIMITED,28990,manufacture of machinery and equipment (not elsewhere classified),5,L,N/A,02/05/2019,30/04/2020,2020,52,12,N,1,15075.0,0.0,697.0,14378.0,0.0,5453.0,0.0,0.0,5453.0,-1049.0,4404.0,0.0,4404.0,0,0.0,0.0,32876.0,2110.0,1191.0,29575.0,0.0,0.0,0.0,32876.0,13382.0,4000.0,0,0.0,9382.0,0.0,0.0,0,13382.0,19494,19494.0,7.0,19494,19487.0,0.0,19494.0,0.0,0,0.0,0.0,19494,0.0,1,36.17247098,2.456732925,0.773314866,0.0,59.29553474,96.84908789,51.08789386,32875.911,27.97270955,16.58656771,0.686467631,7.900497512,27.97270955,0.686467631065969,5453.0,2.7744397427277043,0.7115464168390315,0.1875410633897068,0.5473567343959119,0.8740397548946346,0.4539557732084195
3044781,BREWPACK LIMITED,28930,manufacture of machinery and equipment (not elsewhere classified),5,L,N/A,02/04/2019,31/03/2020,2020,52,12,N,1,8028681.0,0.0,6007863.0,2020818.0,0.0,874558.0,11873.0,3048.0,872524.0,-11700.0,860824.0,506250.0,354574.0,54852,0.0,54852.0,2078027.0,542197.0,252750.0,1255296.0,27784.0,0.0,0.0,2132879.0,1295967.0,387434.0,0,0.0,908533.0,0.0,0.0,29414,1325381.0,807498,782060.0,45000.0,807498,762495.0,0.0,807498.0,0.0,0,0.0,0.0,836912,21.0,1,10.86758834,1.6034567240000002,10.26606782,3.642609641,37.85953165,17.61352954,24.64936706,2078026.805,104.2551666,40.90827468,1.604916669,3.148088708,108.0527754,1.641342764935641,886431.0,6.1363890322117935,0.4400024567732159,0.2327387535814268,1.3714900376439545,0.3655543575771796,3.7266034266360166
3120673,J & E HALL LIMITED,28250,manufacture of machinery and equipment (not elsewhere classified),5,L,N/A,02/04/2019,31/03/2020,2020,52,12,N,1,45402000.0,8537000.0,37113000.0,8289000.0,14970000.0,608000.0,344000.0,573000.0,35000.0,360000.0,395000.0,0.0,395000.0,5911000,0.0,5911000.0,21303000.0,9407000.0,5828000.0,28000.0,5183000.0,0.0,0.0,27214000.0,17339000.0,3210000.0,2282000,2287000.0,9560000.0,9000000.0,0.0,27788000,42845000.0,-15631000,3964000.0,8000000.0,-15631000,-23631000.0,0.0,-15631000.0,0.0,0,0.0,15280000000.0,9875000,255.0,1,0.077089115,1.228617567,11.45358224,-177.7749344,-57.43734842,25.80613189,75.62563323,21302999.66,0.35443038,0.128610274,-1.10927004,12.83643892,-0.223914017,-2.7410274454609436,952000.0,1.7433065222696955,0.17479238627177188,0.02032042331153083,0.11544058205335488,-0.21889602053915275,1.651649151172191
3202316,SCHMITT EUROPE LIMITED,28490,manufacture of machinery and equipment (not elsewhere classified),5,L,N/A,02/06/2019,31/05/2020,2020,52,12,N,1,2292567.0,0.0,1278890.0,1013677.0,0.0,499242.0,1246.0,0.0,499242.0,-71385.0,427857.0,0.0,427857.0,4529,0.0,4529.0,1210338.0,220968.0,287216.0,614524.0,87630.0,0.0,0.0,1214867.0,1001751.0,30090.0,0,801737.0,169924.0,0.0,0.0,0,1001751.0,213116,208587.0,2.0,213116,213114.0,0.0,213116.0,0.0,0,0.0,0.0,213116,5.0,1,21.77655004,1.208222403,10.99093903,0.0,17.54233179,4.790634254,35.1803546,1210337.713,234.2583382,41.09437494,4.7004964430000005,12.52813985,234.2583382,4.700496443251564,500488.0,4.054459421876913,0.2060344054122797,0.4930579232129937,1.3594989410363438,0.12764609169344476,1.8682220605218516
3371709,MANTLE PACKAGING MACHINERY LIMITED,28290,manufacture of machinery and equipment (not elsewhere classified),5,L,N/A,02/05/2019,30/04/2020,2020,52,12,N,1,717485.0,0.0,443983.0,273502.0,0.0,2707.0,3079.0,80.0,2627.0,-499.0,2128.0,9502.0,-7374.0,13199,0.0,13199.0,248162.0,56844.0,63910.0,127408.0,0.0,0.0,0.0,261361.0,117546.0,90183.0,0,0.0,27363.0,0.0,0.0,22871,140417.0,120944,130616.0,1000.0,120944,119944.0,0.0,120944.0,0.0,0,0.0,0.0,143815,9.0,1,0.366140059,2.111190513,5.493086605,18.91040482,46.27469286,45.87802532,28.91776135,248161.4563,1.826652296,1.005123182,0.971904352,8.907503293,2.17207964,1.1610084005820875,5786.0,3.867787684177728,0.5997038578823926,-0.0394993897329747,0.07305527603582784,0.5167921263094924,2.71773581368299
3430686,WASSENBURG LIMITED,28990,manufacture of machinery and equipment (not elsewhere classified),5,L,N/A,02/04/2019,31/03/2020,2020,52,12,N,1,9997675.0,0.0,6478176.0,3519499.0,2588638.0,1335095.0,374989.0,6282.0,1329086.0,-257173.0,1071913.0,1750000.0,-678087.0,462000,0.0,462000.0,3413409.0,1193697.0,985935.0,907635.0,240824.0,0.0,85318.0,3875409.0,2993588.0,321441.0,0,1090822.0,1581325.0,170924.0,0.0,192566,3186154.0,689255,419821.0,23013.0,689255,666242.0,0.0,689255.0,0.0,0,0.0,0.0,881821,57.0,1,13.29395084,1.140240073,23.81413745,27.93828119,17.78534859,11.73532496,43.58007287,3413408.671,150.7206111,34.29537373,4.343222755,9.861642832000001,192.8293592,4.622605566880181,1710084.0,4.024982919562777,0.12999536307006562,-0.24496041579095265,1.4561759029821109,0.12979692758102715,2.5539751417205254
3477258,TIMBERWOLF LIMITED,28290,manufacture of machinery and equipment (not elsewhere classified),5,L,N/A,02/04/2019,31/03/2020,2020,52,12,N,1,12020176.0,0.0,8711154.0,3309022.0,2754099.0,323676.0,188851.0,49334.0,308648.0,104309.0,412957.0,2000.0,410957.0,1924888,0.0,1924888.0,6404290.0,1871038.0,2275877.0,1496043.0,761332.0,1277558.0,0.0,8329178.0,1305192.0,468052.0,0,31082.0,806058.0,0.0,0.0,29391,1334583.0,6994595,5099098.0,29000.0,6994595,7493595.0,0.0,6994595.0,1293521.0,1275558,2000.0,0.0,7023986,71.0,1,2.567749424,4.906779998999999,2.357314176,0.42019588,83.9770143,14.2126854,56.81521385,6404288.256,4.394200102,3.705623772,0.186600082,18.93380762,4.41266435,0.19080204071858345,512527.0,5.580103372481271,0.7346364311100086,0.069075219667535,0.2030619468091569,3.1446204544790395,1.428709320415532
3495807,MARCO LIMITED,28990,manufacture of machinery and equipment (not elsewhere classified),5,L,N/A,02/04/2019,31/03/2020,2020,52,12,N,1,12793688.0,6955437.0,5251733.0,7541955.0,2774996.0,2688097.0,47254.0,96.0,2018697.0,-460225.0,1558472.0,2707508.0,-1149036.0,250448,59789.0,310237.0,4839911.0,990084.0,827422.0,2779249.0,243156.0,0.0,0.0,5150148.0,2438667.0,561821.0,0,54285.0,1822561.0,0.0,0.0,21228,2459895.0,2690253,2401244.0,22636.0,2630464,2566102.0,0.0,2690253.0,0.0,0,0.0,0.0,2711481,54.0,1,15.77885126,1.984654321,5.327941684,0.789070768,52.84996598,16.02858105,28.24679326,4839910.661,74.44997771,39.19687357,0.906482401,6.467423622999999,75.03744072,0.9351563070241601,2735351.0,5.100748022683788,0.5594970862973258,-0.3123503246896982,1.7526988156456864,0.641603970901197,2.459298474529276
3681149,MORRIS VERMAPORT LIMITED,28220,manufacture of machinery and equipment (not elsewhere classified),5,L,N/A,02/07/2019,30/06/2020,2020,52,12,N,1,7036896.0,0.0,4993488.0,2043408.0,0.0,374938.0,39136.0,2704.0,380980.0,-75500.0,305480.0,0.0,305480.0,82046,118273.0,200319.0,3853604.0,1173459.0,130061.0,870130.0,1646991.0,0.0,0.0,4053923.0,2040044.0,81942.0,240224,78263.0,1639615.0,0.0,0.0,459132,2258952.0,1794971,1813560.0,37145.0,1676698,1728187.0,0.0,1794971.0,0.0,0,0.0,642000.0,2013879,84.0,1,5.414034824,1.888980826,3.880156157,25.57879765,45.6079936,4.250287343,60.8666854,3853603.936,18.91772048,9.397810467000001,1.136533125,1.848272306,21.22485544,1.347262297682707,414074.0,3.1432072157824718,0.5368311139604772,0.10549583699542396,0.3370671322568287,0.445347577106552,1.7184655554631896
3691401,ROLL-TEC SAFETY LIMITED,28290,manufacture of machinery and equipment (not elsewhere classified),5,L,N/A,02/04/2019,31/03/2020,2020,52,12,N,1,698786.0,0.0,123762.0,575024.0,0.0,428801.0,86300.0,202.0,428599.0,-81434.0,347165.0,0.0,347165.0,788225,0.0,788225.0,431857.0,202060.0,0.0,196554.0,33243.0,0.0,0.0,1220082.0,1049906.0,536.0,0,0.0,1049370.0,0.0,0.0,141263,1191169.0,28913,-618049.0,12.0,28913,28901.0,0.0,28913.0,0.0,0,0.0,0.0,170176,2.0,1,61.33480064,0.411329205,-1.130632037,488.5795317,2.369758754,0.279971264,105.5428987,431857.0,251.8563135,35.12870446,36.31259295,0.0,1482.37471,41.19838826825304,515101.0,1.7652686619254312,-0.6078761919280834,0.3983592906050577,1.3932123414655735,0.014563676522810784,0.5670095452600726
3954111,CAPITAL COMPACTORS LIMITED,28290,manufacture of machinery and equipment (not elsewhere classified),5,L,N/A,02/04/2019,31/03/2020,2020,52,12,N,1,6174430.0,0.0,2347979.0,3826451.0,2321838.0,761176.0,365144.0,106190.0,465885.0,-22950.0,442935.0,381964.0,60971.0,4808894,20857.0,4829751.0,2033260.0,1175467.0,451352.0,31043.0,0.0,-285753.0,0.0,6863011.0,2223730.0,690595.0,100509,290914.0,1141712.0,372721.0,0.0,2385252,4508473.0,2354538,-190470.0,100.0,2333681,2142941.0,0.0,2354538.0,443871.0,165042,-450795.0,0.0,4639281,70.0,1,7.545392854,0.914346616,-32.41681105,101.3044597,34.41223334,40.82436354,69.48745957,2033259.797,10.04218111,6.788346981,0.944444303,7.310018901,19.78668427,1.9319148589717277,1126320.0,1.7219556994657736,-0.03330374962243248,0.01243760209622278,0.5415780333151149,0.3105726927942121,0.8906711208826563
4115619,CYGNET TEXKIMP LIMITED,28940,manufacture of machinery and equipment (not elsewhere classified),5,L,N/A,02/04/2019,31/03/2020,2020,52,12,N,1,14357000.0,13818000.0,10894000.0,3463000.0,3767000.0,670000.0,162000.0,0.0,540000.0,55000.0,595000.0,142000.0,453000.0,573000,619000.0,1192000.0,7857000.0,3067000.0,370000.0,1659000.0,2761000.0,0.0,0.0,9049000.0,5396000.0,774000.0,0,37000.0,4585000.0,0.0,0.0,295000,5691000.0,3358000,2461000.0,1000.0,2739000,3357000.0,0.0,3358000.0,0.0,0,0.0,0.0,3653000,76.0,1,3.761231455,1.456078577,5.833807395,8.784991066,39.83392645,19.67750923,77.97276590000001,7856999.931,14.78237065,5.9675102220000005,1.6069088740000002,2.577140071,16.0810006,2.0777656078860898,832000.0,2.5593463939928065,0.3263565034810477,0.07008509227538952,0.3034147419604376,0.2887717448603057,1.570718311415626
4148641,BELLTECH ENGINEERING LTD,28110,manufacture of machinery and equipment (not elsewhere classified),5,L,N/A,01/02/2019,31/01/2020,2020,52,12,N,1,21296.0,0.0,0.0,0.0,4200.0,0.0,0.0,0.0,3609.0,0.0,3609.0,0.0,3609.0,5000,0.0,5000.0,3306.0,3306.0,0.0,0.0,0.0,0.0,0.0,8306.0,0.0,0.0,0,0.0,0.0,0.0,0.0,43494,43494.0,-35188,3306.0,0.0,-35188,-35188.0,0.0,-35188.0,0.0,0,0.0,0.0,8306,1.0,1,16.94684448,0.0,6.441621295,-123.6046379,-423.6455574,0.0,56.66275357,0.0,43.450517700000006,43.450517700000006,0.0,0.0,-10.25633739,-1.236046379447539,0.0,3.1388095902830018,0.4776306284613532,0.6083072477726944,0.0,-0.4854186784384053,2.5382903924873585
4305854,COMPACT ORBITAL GEARS LIMITED,28150,manufacture of machinery and equipment (not elsewhere classified),5,L,N/A,02/04/2019,31/03/2020,2020,52,12,N,1,1858456.0,0.0,1575626.0,282830.0,0.0,-249670.0,88414.0,145458.0,-395433.0,106113.0,-289320.0,0.0,-289320.0,688283,0.0,688283.0,1586603.0,283933.0,558766.0,489210.0,254694.0,0.0,0.0,2274886.0,2154098.0,170495.0,0,1136017.0,847586.0,0.0,0.0,0,2154098.0,120788,-567495.0,2.0,120788,-115977.0,236763.0,120788.0,0.0,0,0.0,5500000.0,120788,41.0,1,-21.27750132,0.736550983,-3.274841188,0.0,5.309628702,33.48514842,55.76432533,1586602.741,-327.3777196000001,-17.38254137,17.83370865,30.06614093,-327.3777196000001,17.833708646554292,-161256.0,0.1310928326965758,-0.2993530225250848,-0.17805199908918512,-0.23392152397966315,0.03364415175168446,0.8087752265388244
4417270,C & C MITRES LIMITED,28490,manufacture of machinery and equipment (not elsewhere classified),5,L,N/A,02/05/2019,30/04/2020,2020,52,12,N,1,20000.0,0.0,5028.0,14972.0,0.0,12455.0,442.0,0.0,12455.0,-2309.0,10146.0,20000.0,-9854.0,647,190.0,837.0,42044.0,0.0,0.0,41687.0,357.0,0.0,0.0,42881.0,36494.0,204.0,0,0.0,36290.0,0.0,0.0,0,36494.0,6387,5550.0,100.0,6197,6287.0,0.0,6387.0,0.0,0,0.0,0.0,6387,0.0,1,62.275,1.152079794,3.603603604,0.0,14.96099881,3.723,0.0,42044.0,195.0054799,29.04549801,5.713793643,0.0,195.0054799,5.88897853800226,12897.0,1.3897400022593405,0.15531354212821527,-0.3217182435111121,0.9925164991488072,0.10188524140954676,0.4617429630838833
4562891,CRABTREE OF GATESHEAD LIMITED,28990,manufacture of machinery and equipment (not elsewhere classified),5,L,N/A,02/04/2019,31/03/2020,2020,52,12,N,1,7501967.0,7221713.0,5063517.0,2438450.0,3505348.0,39977.0,204267.0,22848.0,17156.0,9574.0,26730.0,31250.0,-4520.0,2614682,0.0,2614682.0,6764763.0,1118231.0,3600411.0,165232.0,1880889.0,0.0,0.0,9379445.0,3116313.0,682222.0,560896,0.0,1873195.0,0.0,0.0,717641,3273058.0,6106387,3648450.0,98000.0,6106387,5705990.0,0.0,6106387.0,0.0,0,0.0,0.0,6263132,84.0,1,0.22868669,2.170758521,2.056206608,11.75230132,65.10392672,33.19276531,54.40630637,6764761.845,0.27392046,0.182910609,0.510336636,47.99289306,0.28095173100000004,0.5360056609579446,244244.0,2.4632622051139035,0.4667802839080564,-0.0006746667846551687,0.08593314423188153,1.119391162637509,0.7918322811211109
4677843,L C & M LIMITED,28150,manufacture of machinery and equipment (not elsewhere classified),5,L,N/A,02/04/2019,31/03/2020,2020,52,12,N,1,7044509.0,4651759.0,4288982.0,2755527.0,2285877.0,1068762.0,26480.0,0.0,1081151.0,-212453.0,868698.0,0.0,868698.0,103536,0.0,103536.0,7321369.0,1563797.0,683724.0,4762524.0,311324.0,2022221.0,0.0,7424905.0,1030429.0,603502.0,0,0.0,426927.0,0.0,0.0,19104,1049533.0,6375372,6290940.0,1000.0,6375372,6374372.0,0.0,6375372.0,2263312.0,2022221,0.0,0.0,6394476,56.0,1,15.34742876,7.105165907000001,1.119786391,0.29965310300000003,85.86469457,31.26949373,81.02564778,7321368.336,16.90757773,14.56114253,0.16162649,9.705772255,16.95824181,0.16462302121350722,1095242.0,6.251278657899357,1.0167305844317198,0.16379700481016254,0.486780450389601,3.644690733878782,0.9392798843890932
4704318,WATERCO (EUROPE) LIMITED,28290,manufacture of machinery and equipment (not elsewhere classified),5,L,N/A,02/07/2019,30/06/2020,2020,52,12,N,1,4510764.0,2578517.0,3232056.0,1278708.0,936984.0,40758.0,25394.0,11.0,40795.0,-8356.0,32439.0,0.0,32439.0,135587,0.0,135587.0,3792396.0,1064446.0,1761465.0,119190.0,674623.0,4026.0,0.0,3927983.0,1974301.0,257334.0,0,1640464.0,76503.0,0.0,0.0,14505,1988806.0,1939177,1818095.0,250000.0,1939177,1689177.0,0.0,1939177.0,389600.0,268644,-264618.0,0.0,1953682,17.0,1,0.904392249,1.920880352,2.48103867,0.7479977329999999,49.36826356,20.82283844,86.13236915,3792395.108,2.088108505,1.038573741,1.018112839,39.05025845,2.103727509,1.0255928159213934,66152.0,2.344476702230261,0.5554285749200035,0.01156181174918527,0.05557600427496759,0.5850274989114072,1.1368828123746972
4747165,TACWISE GROUP PLC,28240,manufacture of machinery and equipment (not elsewhere classified),5,L,N/A,02/06/2019,31/05/2020,2020,52,12,N,1,5490926.0,0.0,0.0,0.0,1703928.0,-23570.0,75728.0,50778.0,2111.0,-7574.0,-5463.0,0.0,-5463.0,350256,433987.0,784243.0,5656573.0,1435630.0,981191.0,418485.0,2645125.0,0.0,0.0,6440816.0,4498158.0,639228.0,143281,3015281.0,700368.0,0.0,0.0,177816,4532693.0,1908123,1158415.0,100000.0,1474136,1808123.0,0.0,1908123.0,0.0,0,0.0,1945957.0,1942658,44.0,1,0.038445246,1.257530972,4.74003358,9.318896109,31.76589512,42.49159796,95.43107119,5656572.7820000015,0.10866555,0.03277535,2.357373188,17.86931749,0.110632281,3.0748133143753362,52158.0,1.2804912961234318,0.21582637976306107,-0.001187458235105614,0.026723539377619232,0.1951337979430771,0.8439950372747801
5171613,THE PLUSS ORGANISATION CIC,28290,manufacture of machinery and equipment (not elsewhere classified),5,L,N/A,02/04/2019,31/03/2020,2020,52,12,N,1,13132000.0,0.0,9444000.0,3688000.0,4974000.0,322000.0,231000.0,71000.0,251000.0,-172000.0,79000.0,0.0,79000.0,386000,0.0,386000.0,3219000.0,1704000.0,242000.0,595000.0,374000.0,0.0,0.0,3605000.0,3343000.0,408000.0,1250000,1187000.0,498000.0,100000.0,0.0,2964000,5057000.0,-1452000,-124000.0,0.0,-1452000,-1452000.0,0.0,-1452000.0,0.0,0,0.0,0.0,262000,219.0,1,1.91136156,0.962907568,-105.9032258,-204.1322314,-40.27739251,11.34023759,47.36216875,3218999.928000001,95.80152672,6.9625520110000005,-2.302341598,1.842826683,-17.28650138,-3.4827823691460056,553000.0,3.92963240747572,-0.041276005547850214,0.03067961165048544,0.5062135922330098,-0.17227605299584733,3.6062912621359215
5302439,EMP TECHNOLOGIES LIMITED,28131,manufacture of machinery and equipment (not elsewhere classified),5,L,N/A,02/07/2019,30/06/2020,2020,52,12,N,1,3020962.0,0.0,2280568.0,740394.0,0.0,-358819.0,71862.0,10457.0,-369276.0,96881.0,-272395.0,0.0,-272395.0,200250,0.0,200250.0,1875284.0,339364.0,743387.0,18804.0,773729.0,0.0,0.0,2075534.0,947647.0,193758.0,0,541479.0,212410.0,203658.0,0.0,249166,1196813.0,878721,927637.0,2.0,878721,-587827.0,0.0,878721.0,0.0,0,0.0,0.0,1127887,23.0,1,-12.22378832,1.978884542,3.256620855,28.35553037,42.33710457,23.41031433,41.00278653,1875283.216,-32.7405139,-17.79185501,1.078439004,24.60762499,-42.02426026,1.361994307635757,-286957.0,1.7778276144743943,0.5363267477189003,-0.18373729363142205,-0.456247934266555,0.4405304755212385,1.4409556191322328
5533774,STAHL CRANESYSTEMS LIMITED,28220,manufacture of machinery and equipment (not elsewhere classified),5,L,N/A,02/04/2019,31/03/2020,2020,52,12,N,1,10540488.0,3495738.0,6851431.0,3689057.0,1452427.0,2131251.0,41692.0,5163.0,2136164.0,-401630.0,1734534.0,800000.0,934534.0,87914,0.0,87914.0,7000490.0,1439501.0,943596.0,4514304.0,103089.0,0.0,0.0,7088404.0,3326333.0,364340.0,0,1131190.0,1830803.0,38847.0,0.0,38847,3365180.0,3723224,3674157.0,2.0,3723224,3723222.0,0.0,3723224.0,0.0,0,0.0,0.0,3762071,18.0,1,20.2662723,2.104566801,2.868818072,1.04336994,52.52556147,12.61650314,49.84758438,7000489.716,56.78159716,30.13603626,0.8934012570000001,8.952109238,57.37403927,0.9038349559414101,2172943.0,3.9541599261326654,0.6220001568759342,0.1845757662796872,1.0116116265382165,0.6638380116368218,1.4721343648020062
5715991,RIGGS AUTOPACK LIMITED,28990,manufacture of machinery and equipment (not elsewhere classified),5,L,N/A,02/04/2019,31/03/2020,2020,52,12,N,1,3865942.0,0.0,1615782.0,2250160.0,0.0,104431.0,172940.0,0.0,104431.0,1720.0,106151.0,0.0,106151.0,980478,0.0,980478.0,1596554.0,764723.0,699288.0,58922.0,73621.0,0.0,0.0,2577032.0,1048690.0,733865.0,0,0.0,314825.0,0.0,0.0,77682,1126372.0,1450660,547864.0,1250.0,1450660,1449410.0,0.0,1450660.0,0.0,0,0.0,0.0,1528342,37.0,1,2.701307987,1.522427028,7.056389907000001,5.354941889,56.29188927,69.28731083,72.20074564,1596553.333,6.832960162000001,4.05237498,0.7229054359999999,18.0884245,7.198861207999999,0.7764548550315029,277371.0,2.9258613550058388,0.25511394503444274,0.05766765798794893,0.35518546141452645,0.7727429303995482,1.485151360169373
5733303,GREENS COMBUSTION LIMITED,28990,manufacture of machinery and equipment (not elsewhere classified),5,L,N/A,02/04/2019,31/03/2020,2020,52,12,Y,1,5075879.0,0.0,3222198.0,1853681.0,0.0,543390.0,92772.0,62796.0,483729.0,-8169.0,475560.0,0.0,475560.0,983862,0.0,983862.0,2251669.0,1400794.0,14212.0,593380.0,243283.0,0.0,0.0,3235531.0,2153490.0,589561.0,371810,636012.0,556107.0,0.0,0.0,408307,2189987.0,1045544,98179.0,2352.0,1045544,-30456.0,0.0,1045544.0,0.0,0,0.0,0.0,1082041,14.0,1,9.529955304,1.045590646,51.70025158,39.05211067,32.31444854,42.39458131,100.7293141,2251668.993,44.7052376,14.95052899,2.059683763,0.279990914,46.26577169,2.0945909497830795,636162.0,2.730580636167394,0.0364128175560673,0.20577271551408408,0.6488377332808741,0.2864521113595651,1.5531052584568037
5798594,MHI VESTAS OFFSHORE WIND UK LTD,28110,manufacture of machinery and equipment (not elsewhere classified),5,L,N/A,02/04/2019,31/03/2020,2020,52,12,N,1,59129000.0,0.0,49713000.0,9416000.0,19847000.0,4312000.0,573000.0,0.0,4312000.0,-885000.0,3427000.0,0.0,3427000.0,2673000,0.0,2673000.0,477355000.0,11740000.0,409849000.0,49763000.0,2601000.0,0.0,0.0,480028000.0,451600000.0,6671000.0,0,23048000.0,421881000.0,0.0,0.0,0,451600000.0,28428000,25755000.0,4000000.0,28428000,16928000.0,0.0,28428000.0,0.0,0,0.0,0.0,28428000,287.0,1,7.292529892,1.057030558,2.2958260530000003,0.0,5.922154541,41.17970877,72.47036141,477354999.1,15.16814408,0.8982809340000001,15.88574645,693.1438042000002,15.16814408,15.885746447164767,4885000.0,0.2676771506050987,0.06438374428158357,0.009994833634704641,0.03358241602573183,0.03776970770593445,0.12194644895714415
5835528,HI-FORCE LIMITED,28220,manufacture of machinery and equipment (not elsewhere classified),5,L,N/A,02/04/2019,31/03/2020,2020,52,12,N,1,15777463.0,0.0,10316687.0,5460776.0,3585685.0,122186.0,394859.0,0.0,197443.0,-154387.0,43056.0,0.0,43056.0,704030,0.0,704030.0,11607031.0,2782942.0,4881352.0,1451073.0,1695954.0,-337610.0,0.0,12311061.0,2743140.0,1704930.0,0,0.0,1038210.0,0.0,0.0,3795,2746935.0,9564126,8863891.0,57752.0,9564126,9412874.0,0.0,9564126.0,266603.0,328820,-666430.0,0.0,9567921,86.0,1,1.251424263,4.2312937,1.779970331,0.039679527,77.68726026,39.44230134,64.38131593,11607029.22,2.063593543,1.603785409,0.286815544,30.93876373,2.064412368,0.2872123391097106,517045.0,4.365283080619586,0.8639928922454367,0.004896279857601225,0.1385947563739632,2.0890467375456643,1.2687524145969222
5887440,3P INNOVATION LIMITED,28990,manufacture of machinery and equipment (not elsewhere classified),5,L,N/A,02/08/2019,31/07/2020,2020,52,12,N,1,10746253.0,4431464.0,3946245.0,6800008.0,2742684.0,2939414.0,259844.0,72056.0,2891014.0,-565881.0,2325133.0,104640.0,2220493.0,3857983,0.0,3857983.0,9005517.0,678301.0,48467.0,8079910.0,0.0,4111017.0,0.0,12863500.0,6701041.0,391690.0,139793,0.0,6169558.0,0.0,0.0,2589561,9150809.0,3712691,2304476.0,11173.0,3712691,3637824.0,0.0,3712691.0,5873458.0,5142204,-1031187.0,0.0,6162459,0.0,1,26.90253058,1.343898209,4.663208903,69.74889642,28.86221479,13.30387904,23.03871545,9005516.992999999,46.91331821,22.47455203,1.804901351,0.451013018,77.86842482,2.4647375717505176,3199258.0,2.347868907838172,0.21497813192365994,0.2416675243907179,0.8207370777782096,0.24343362428392945,0.8270525494616551
6045956,AEROSPACE TOOLING LIMITED,28990,manufacture of machinery and equipment (not elsewhere classified),5,L,N/A,02/07/2019,30/06/2020,2020,52,12,N,1,7225745.0,2879000.0,3089555.0,4136190.0,3018023.0,1107668.0,165870.0,25557.0,1082502.0,-119731.0,962771.0,0.0,962771.0,8563589,1030771.0,9594360.0,3733642.0,953832.0,315524.0,2397317.0,0.0,0.0,0.0,13328002.0,1493820.0,330020.0,189742,45638.0,928420.0,225904.0,0.0,677441,1981519.0,11346483,2239822.0,1000.0,10315712,11345483.0,0.0,11346483.0,0.0,0,0.0,227234.0,11834182,87.0,1,14.98118187,2.499392162,3.226035372,5.970493236,92.26860096,16.67057168,48.1817003,3733641.789,9.147248199999998,8.122012587,0.131654893,4.366663922,9.540418824,0.19208746812629124,1273538.0,4.2784259359839485,0.20166461559654628,0.10113139238724604,0.3153267383963478,3.123577013392252,0.5367261762115583
6119559,CRABCO LIMITED,28990,manufacture of machinery and equipment (not elsewhere classified),5,L,N/A,02/04/2019,31/03/2020,2020,52,12,Y,1,7501967.0,7221713.0,5063517.0,2438450.0,3505348.0,3997.0,204267.0,22848.0,17156.0,9574.0,26730.0,31250.0,-4520.0,2614682,0.0,2614682.0,5073639.0,1118231.0,3600411.0,165232.0,189765.0,98299.0,0.0,7688321.0,3116313.0,682222.0,560896,0.0,1873195.0,0.0,0.0,717641,3273058.0,4415263,1957326.0,170.0,4415263,2768554.0,0.0,4415263.0,359547.0,226686,-128387.0,0.0,4572008,84.0,1,0.22868669,1.628090311,3.832763168,16.25364106,57.4281823,33.19276531,54.40630637,5073637.845,0.375239938,0.223143649,0.705804615,47.99289306,0.388561225,0.7413053310754082,208264.0,2.1694566008735783,0.3055011881007569,-0.0008230665707116028,0.08939158497674589,0.8093830906754478,0.9660038036913392
6217134,HUBBARD PRODUCTS LIMITED,28250,manufacture of machinery and equipment (not elsewhere classified),5,L,N/A,02/04/2019,31/03/2020,2020,52,12,N,1,19928435.0,286238.0,15386101.0,4542334.0,5382791.0,-12202.0,217920.0,101518.0,-113720.0,0.0,-113720.0,0.0,-113720.0,356559,181355.0,537914.0,12282969.0,5433472.0,5972970.0,7300.0,869227.0,-175.0,0.0,12820883.0,3982784.0,3235572.0,0,234061.0,513151.0,13777526.0,0.0,13960668,17943452.0,-5122569,8300185.0,100000.0,-5303924,-5222569.0,0.0,-5122569.0,-3465759.0,-3529910,3529735.0,0.0,8838099,155.0,1,-0.570641899,3.084015854,2.40096275,-272.5325515,-40.52816687,59.26124053,99.51696056,12282967.5,-1.286702039,-0.886990389,-0.777497385,29.97209766,2.2199798580000003,-3.38305224584666,205718.0,2.17888198581474,0.7768748845145845,-0.012417865446553095,0.05295028431349074,-0.17735463610903854,1.5388293185422564
6511662,A1 ENGINEERING SOLUTIONS LIMITED,28250,manufacture of machinery and equipment (not elsewhere classified),5,L,N/A,02/04/2019,31/03/2020,2020,52,12,N,1,25610793.0,0.0,21908893.0,3701900.0,6560765.0,520158.0,73835.0,52895.0,467263.0,-50703.0,416560.0,0.0,416560.0,169408,147646.0,317054.0,9618604.0,7420431.0,1668503.0,1705.0,527965.0,0.0,0.0,9935658.0,7643401.0,3166717.0,1944795,0.0,2531889.0,0.0,0.0,1949228,7647834.0,2287824,1975203.0,125.0,2140178,2287699.0,0.0,2287824.0,0.0,0,0.0,0.0,2292257,126.0,1,1.824476891,1.258419387,12.9661574,85.20008532,23.37373514,45.13142975,105.7545276,9618603.782,20.38440716,4.702889331000001,3.340904283,6.514843176,20.42390499,3.5734569741395337,593993.0,3.214334936926256,0.23855929823671465,0.0586960622034293,0.19728707449471386,0.16790463809753192,2.5518878638938656
6569621,GLORY GLOBAL SOLUTIONS (INTERNATIONAL) LIMITED,28990,manufacture of machinery and equipment (not elsewhere classified),5,L,N/A,02/04/2019,31/03/2020,2020,52,12,N,2,270350448.2,0.0,224177224.6,46173223.67,23938653.03,18253686.0,908350.0,7146032.45,29051641.1,-3938653.03,25112988.07,0.0,25112988.07,176065051,123292583.5,299357635.0,335257464.6,19759946.65,46561458.1,154478032.2,50946877.08,124786248.8,58875305.62,634615099.7,135213010.3,10118544.86,0,110982441.0,14112024.89,22127139.36,0.0,26472549,161685559.8,472929540,200044454.3,295089279.1,349636956,170895013.7,0.0,472929539.9,35008520.41,31072090,93714158.7,0.0,499402089,338.0,1,10.74591934,2.479476375,1.3514518519999998,5.597567241,92.49143651,13.66104217,26.67789373,335257464.3,5.817284657,4.577836411,0.285905191,17.22263026,6.142911077000001,0.4624384151199395,19162036.0,2.2525264299418257,0.3782660470472257,0.055400798554305165,0.09964263193531446,1.2974700638665195,0.4217468885384606
6751239,CHARGEPOINT TECHNOLOGY LIMITED,28140,manufacture of machinery and equipment (not elsewhere classified),5,L,N/A,08/01/2019,07/01/2020,2020,52,12,N,1,12723428.0,11596843.0,4521365.0,8202063.0,2976726.0,3324895.0,525788.0,49763.0,3275132.0,-292694.0,2982438.0,0.0,2982438.0,1580738,1829662.0,3410400.0,14391694.0,2125623.0,1179715.0,2637692.0,8202392.0,0.0,0.0,17802094.0,2258804.0,603705.0,0,84618.0,1570481.0,79353.0,0.0,372047,2630851.0,15171243,12132890.0,76991.0,13341581,14347339.0,0.0,15171243.0,0.0,0,0.0,0.0,15543290,80.0,1,25.74095598,6.37137795,1.048672493,2.45231719,94.98392605,17.31862867,60.97825169,14391693.48,21.07103451,18.39745369,0.148887207,9.271990222000001,21.58776311,0.19719184705320905,3850683.0,5.5164945469568245,0.8178514280398699,0.2345461831624976,0.7138066959987965,3.042722145799971,0.7075680939556886
7080969,VIXEN SURFACE TREATMENTS LIMITED,28290,manufacture of machinery and equipment (not elsewhere classified),5,L,N/A,02/05/2019,30/04/2020,2020,52,12,N,1,7585584.0,0.0,4651046.0,2934538.0,0.0,764773.0,180366.0,18156.0,747057.0,-136792.0,610265.0,478119.0,132146.0,883311,0.0,883311.0,2510158.0,597911.0,1326526.0,223673.0,362048.0,0.0,0.0,3393469.0,1301610.0,620583.0,0,245424.0,435603.0,188993.0,0.0,239353,1540963.0,1852506,1208548.0,1000.0,1852506,1851506.0,0.0,1852506.0,0.0,0,0.0,0.0,2091859,74.0,1,9.848378187,1.928502393,6.276609617,12.92049796,54.59033219,29.86095665,28.77003471,2510156.981,35.71258866,22.01455207,0.7026212059999999,17.48746042,40.32683295,0.8318261857181569,945139.0,4.335290358837431,0.4273672751983295,0.05451778106710272,0.9191062891689891,0.7213045348914932,2.212994478511517
7125853,LBBC LIMITED,28990,manufacture of machinery and equipment (not elsewhere classified),5,L,N/A,02/04/2019,31/03/2020,2020,52,12,Y,1,12484248.0,0.0,8511433.0,3972815.0,3664022.0,2048444.0,74429.0,521.0,2063637.0,-421844.0,1641793.0,278268.0,1446735.0,2868352,61771.0,2930123.0,9853333.0,4435872.0,1806487.0,3410583.0,200391.0,-693976.0,0.0,12783456.0,2429189.0,739571.0,0,0.0,1689618.0,0.0,0.0,240000,2669189.0,10114267,7424144.0,26240.0,10052496,10128663.0,0.0,10114267.0,511246.0,93787,-787763.0,127852.0,10354267,81.0,1,16.52992635,4.056223291,1.681574064,2.372885746,79.50414587,21.62272129,129.6908937,9853332.256,19.93030506,16.14302893,0.240174498,14.47013068,20.40322843,0.2655249999602089,2122873.0,4.629869600339936,0.6969142616832256,0.15844142616832255,0.5480115001764782,2.2596742306370956,0.9668281816748148
7591785,ANC ENGINEERING (MIDLANDS) LTD,28490,manufacture of machinery and equipment (not elsewhere classified),5,L,N/A,02/05/2019,30/04/2020,2020,52,12,N,1,90490.0,0.0,0.0,0.0,14319.0,0.0,0.0,0.0,3308.0,0.0,3308.0,0.0,3308.0,7218,0.0,7218.0,32803.0,32803.0,0.0,0.0,0.0,0.0,0.0,40021.0,30061.0,30061.0,0,0.0,0.0,0.0,0.0,0,30061.0,9960,2742.0,0.0,9960,9960.0,0.0,9960.0,0.0,0,0.0,0.0,9960,1.0,1,3.655652558,1.09121453,33.00145879,0.0,24.88693436,121.2538955,132.31401259999998,32803.0,33.21285141,8.265660528,3.018172691,0.0,33.21285141,3.0181726907630524,0.0,2.635184178002168,0.08221683616101548,0.11571924739511755,0.0,0.1987957819101161,2.2384523125359186
7654875,WACAPOL MILLS LTD,28302,manufacture of machinery and equipment (not elsewhere classified),5,L,N/A,02/04/2019,31/03/2020,2020,52,12,N,1,58499.0,0.0,42308.0,16191.0,0.0,-23563.0,820.0,0.0,-23547.0,13483.0,-10064.0,0.0,-10064.0,369,0.0,369.0,23284.0,1764.0,937.0,9630.0,10953.0,0.0,0.0,23653.0,48814.0,3371.0,0,33584.0,11859.0,0.0,0.0,0,48814.0,-25161,-25530.0,1000.0,-25161,-26161.0,0.0,-25161.0,0.0,0,0.0,0.0,-25161,2.0,1,-40.25197012,0.476994305,-2.291382687,0.0,-106.3755126,21.03309458,11.00634199,23283.9808,93.5853106,-99.55185389,-1.940065975,1.601736782,93.5853106,-1.9400659751202256,-22743.0,-2.924728451102141,-1.2952268211220563,-0.5956791950281147,-3.1730393607576204,-0.3092678329987299,2.4484847588043803
7887191,WESSEX PRECISION INSTRUMENTS LIMITED,28290,manufacture of machinery and equipment (not elsewhere classified),5,L,N/A,02/04/2019,30/06/2020,2020,65,15,N,1,88595.0,0.0,0.0,0.0,152509.0,0.0,1595.0,0.0,-268856.0,20130.0,-248726.0,0.0,-248726.0,0,0.0,0.0,38551.0,38551.0,0.0,0.0,0.0,0.0,0.0,38551.0,38505.0,38505.0,0,0.0,0.0,0.0,0.0,300674,339179.0,-300628,46.0,0.0,0,0.0,0.0,0.0,0.0,0,0.0,0.0,300674,4.0,2,-303.4663356000001,1.00119465,1925.978261,0.0,0.0,158.63564540000004,158.82515940000005,38551.0,-89.41777473,-697.4034396000002,0.0,0.0,89.43145682,inf,1595.0,-6.619507924567454,0.0014318694716090373,-9.03261653394205,0.13653342325750306,0.0,2.275143316645482
7887191,WESSEX PRECISION INSTRUMENTS LIMITED,28290,manufacture of machinery and equipment (not elsewhere classified),5,L,N/A,02/07/2019,30/06/2020,2020,52,12,N,1,88595.0,0.0,0.0,0.0,152509.0,0.0,1595.0,0.0,-268856.0,20130.0,-248726.0,0.0,-248726.0,0,0.0,0.0,38550.0,38550.0,0.0,0.0,0.0,0.0,0.0,38550.0,38507.0,38507.0,0,0.0,0.0,0.0,0.0,300674,339181.0,-300631,43.0,0.0,-300631,-300631.0,0.0,-300631.0,0.0,0,0.0,0.0,43,4.0,1,-303.4663356000001,1.00111668,2060.348837,-100.0143032,-779.846952,158.6438851,158.8210396,38550.0,-625246.5116,-697.4215305,-0.12808725599999998,0.0,89.43056438,-1.1282302889588898,1595.0,-7.151579343747729,0.00133852140077821,-9.032850843060961,0.13653696498054474,-0.5318063216984441,2.2752023346303503
7887266,AIRWISE LTD,28132,manufacture of machinery and equipment (not elsewhere classified),5,L,N/A,02/04/2019,31/03/2020,2020,52,12,N,1,1563755.0,0.0,1265375.0,298380.0,0.0,103313.0,21509.0,6315.0,98152.0,-24027.0,74125.0,0.0,74125.0,471314,137664.0,608978.0,812228.0,296851.0,77000.0,423827.0,13250.0,0.0,0.0,1421206.0,545065.0,208160.0,14466,0.0,322439.0,0.0,0.0,263480,794079.0,627127,267163.0,2.0,489463,627125.0,0.0,627127.0,0.0,0,0.0,0.0,876141,17.0,1,6.276686565,1.490148881,5.8531870060000015,42.01381857,48.8590946,48.5871508,69.28874088,812227.8587,11.20276303,6.906247229,0.8691461220000001,4.924045007,15.65105633,1.6223473480120048,124822.0,2.0475649854016917,0.22557996518449824,0.07301897121177366,0.2898331417120389,0.3698344875006139,1.0892984197927675
7939088,STAR MACHINE KNIVES LIMITED,28290,manufacture of machinery and equipment (not elsewhere classified),5,L,N/A,02/03/2019,29/02/2020,2020,52,12,N,1,443782.0,0.0,0.0,0.0,133092.0,0.0,7177.0,0.0,8812.0,-3771.0,5041.0,0.0,5041.0,1321,0.0,1321.0,110615.0,110615.0,0.0,0.0,0.0,0.0,0.0,111936.0,0.0,0.0,0,0.0,0.0,0.0,0.0,146836,146836.0,-34900,110615.0,0.0,-34900,-34900.0,0.0,-34900.0,0.0,0,0.0,0.0,111936,6.0,1,1.985659626,0.0,4.0119513630000005,-420.7335244,-31.17853059,0.0,90.97817171,0.0,7.872355632,7.872355632,0.0,0.0,-25.24928367,-4.2073352435530085,7177.0,5.24282359548054,1.18583833619211,0.0630485277301315,0.2115860849056604,-0.14260807976245607,3.9249587264150954
8505342,AEROSPACE TOOLING CORPORATION LIMITED,28990,manufacture of machinery and equipment (not elsewhere classified),5,L,N/A,02/07/2019,30/06/2020,2020,52,12,Y,1,7225745.0,0.0,3089555.0,4136190.0,3089034.0,1006122.0,165870.0,35586.0,970927.0,-119731.0,851196.0,0.0,851196.0,1069136,1030771.0,2099907.0,3733648.0,953832.0,315524.0,2397317.0,0.0,629582.0,0.0,5833555.0,1674005.0,330020.0,369927,45638.0,928420.0,225904.0,0.0,904675,2208753.0,3624802,2059643.0,6250.0,2594031,1274802.0,0.0,3624802.0,1747825.0,1170804,-541222.0,0.0,4159550,87.0,1,13.43705044,2.2303684880000003,3.508251187,24.95791494,75.47293403,16.67057168,48.1817003,3733647.812,23.34211633,16.64383039,0.461819708,4.366663922,26.78565615,0.8514751751231963,1171992.0,3.221873559427268,0.4236818886596595,0.20427927738745924,0.6629874236207595,0.7046594164218453,1.2262655533375444
8578594,COMPOSITE TOOLING & ENGINEERING SOLUTIONS LTD,28990,manufacture of machinery and equipment (not elsewhere classified),5,L,N/A,02/04/2019,31/03/2020,2020,52,12,N,1,174740.0,0.0,0.0,0.0,70420.0,0.0,2000.0,0.0,22354.0,-4247.0,18107.0,0.0,18107.0,26500,0.0,26500.0,16670.0,15420.0,0.0,0.0,0.0,0.0,0.0,43170.0,31265.0,31265.0,0,0.0,0.0,0.0,0.0,13775,45040.0,-1870,-14595.0,0.0,-1870,-1870.0,0.0,-1870.0,0.0,0,0.0,0.0,11905,3.0,1,12.79272061,0.5331840720000001,-11.97259335,-736.631016,-4.331711837,65.30688451,32.2095685,16670.0,187.7698446,51.78132963,-16.71925134,0.0,-1195.40107,-24.085561497326204,2000.0,4.316724204896912,-0.4056984016678248,0.5872087097521427,0.15288394718554552,-0.02491119005328597,4.007241139680334
8612199,MICRO PRECISION GEAR TECHNOLOGY LIMITED,28150,manufacture of machinery and equipment (not elsewhere classified),5,L,N/A,02/04/2019,31/03/2020,2020,52,12,N,1,8262178.0,1125314.0,3640816.0,4621362.0,2919575.0,763900.0,340494.0,0.0,928527.0,-348944.0,579583.0,1270000.0,-690417.0,5934344,4214777.0,10149121.0,7752203.0,1652700.0,1526313.0,1591166.0,2700650.0,0.0,0.0,17901324.0,1160170.0,314653.0,0,177274.0,668243.0,0.0,0.0,136309,1296479.0,16604845,6592033.0,14751000.0,12390068,1853845.0,0.0,16604845.0,0.0,0,0.0,0.0,16741154,63.0,1,11.23828366,6.681954369,1.253358107,0.8208989609999999,121.3223832,13.9004927,73.01168046,7752201.6839999985,5.546373924,5.186918018,0.069869366,18.47349452,5.59190405,0.1046385701837956,1104394.0,6.782432473723045,0.4418913148547001,-0.053995101144474006,0.20358830441815365,5.7340233046582325,0.4569246509364335
8910652,APPLIANCE DEVELOPMENT SERVICES LIMITED,28990,manufacture of machinery and equipment (not elsewhere classified),5,L,N/A,02/05/2019,30/04/2020,2020,52,12,N,1,2512150.0,0.0,1901330.0,610820.0,0.0,298547.0,10137.0,453.0,294041.0,-56174.0,237867.0,113000.0,124867.0,24719,0.0,24719.0,850967.0,38209.0,698860.0,62736.0,51162.0,0.0,0.0,875686.0,552767.0,409977.0,0,0.0,142790.0,0.0,0.0,4487,557254.0,318432,298200.0,100.0,318432,318332.0,0.0,318432.0,0.0,0,0.0,0.0,322919,10.0,1,11.70475489,1.539467805,8.424379611,1.409092051,36.36371942,59.56714567,5.551533547000001,850965.7357,91.0572001,33.57836028,1.735902799,27.81919869,92.34027987,1.7499937192241986,308684.0,4.954487998611862,0.40863962653279823,0.1996306895394011,1.1632676553011008,0.3428583733808999,2.840091653857661
9203700,P200 PDP LIMITED,28990,manufacture of machinery and equipment (not elsewhere classified),5,L,N/A,02/10/2019,30/09/2020,2020,52,12,N,1,20585.0,0.0,0.0,0.0,5861.0,0.0,0.0,0.0,7362.0,-1362.0,6000.0,0.0,6000.0,1,0.0,1.0,19660.0,19660.0,0.0,0.0,0.0,0.0,0.0,19661.0,1562.0,1562.0,0,0.0,0.0,0.0,0.0,0,1562.0,18099,18098.0,0.0,18099,18099.0,0.0,18099.0,0.0,0,0.0,0.0,18099,2.0,1,35.76390576,12.58642766,1.137418499,0.0,92.05533798,27.69638086,348.598494,19660.0,40.67628046,37.44468745,0.086303111,0.0,40.67628046,0.08630311066909774,0.0,9.520612112177202,1.104603021209501,0.42724174762219613,0.0,6.952240717029449,1.0365266263160573
9365169,TRIVENI TURBINES EUROPE PRIVATE LIMITED,28990,manufacture of machinery and equipment (not elsewhere classified),5,L,N/A,02/04/2019,31/03/2020,2020,52,12,N,1,1158595.0,0.0,732346.0,426249.0,0.0,390309.0,0.0,895.0,390309.0,-74159.0,316150.0,0.0,316150.0,124252,0.0,124252.0,637351.0,115921.0,0.0,508395.0,13035.0,0.0,0.0,761603.0,234098.0,0.0,0,17728.0,216370.0,0.0,0.0,0,234098.0,527505,403253.0,200000.0,527505,327505.0,0.0,527505.0,0.0,0,0.0,0.0,527505,0.0,1,33.68813088,2.722581996,2.873121837,0.0,69.26246351,0.0,36.51937476,637351.0,73.99152615,51.2483538,0.443783471,0.0,73.99152615,0.44378347124671796,390309.0,5.765783160506598,0.6353751232597561,0.5811557990186488,1.6911956754372026,1.3520106963750225,1.5060458664159675
9974186,FROUDE LIMITED,28990,manufacture of machinery and equipment (not elsewhere classified),5,L,N/A,02/04/2019,31/03/2020,2020,52,12,N,1,4059397.0,0.0,2360655.0,1698742.0,0.0,-233076.0,50802.0,98243.0,-331319.0,-20956.0,-352275.0,0.0,-352275.0,58582,0.0,58582.0,4641544.0,873155.0,1232926.0,499422.0,2036041.0,0.0,0.0,4700126.0,4719748.0,351964.0,0,799445.0,3568339.0,0.0,0.0,80338,4800086.0,-99960,-78204.0,1.0,-99960,-99961.0,0.0,-99960.0,0.0,0,0.0,5500000.0,-19622,23.0,1,-8.161778708,0.983430471,-51.90779244,-80.37014806,-2.126751496,31.64678399,78.50958529,4641543.739,1688.507797,-7.049151448,-47.21636655,30.3721464,331.45158060000006,-48.02006802721088,-182274.0,0.5896739806172178,-0.019966443452792543,-0.10493016570194076,-0.1279761861703282,-0.01249477613526091,0.8550415520775401
10138500,CREATIVE ENGINEERING AND DESIGN LIMITED,28990,manufacture of machinery and equipment (not elsewhere classified),5,L,N/A,02/05/2019,30/04/2020,2020,52,12,N,1,69218.0,0.0,0.0,0.0,6921.0,0.0,0.0,0.0,20551.0,0.0,20551.0,0.0,20551.0,0,0.0,0.0,28278.0,28278.0,0.0,0.0,0.0,0.0,0.0,28278.0,0.0,0.0,0,0.0,0.0,0.0,0.0,7727,7727.0,20551,28278.0,0.0,20551,20551.0,0.0,20551.0,0.0,0,0.0,0.0,28278,1.0,1,29.69025398,0.0,2.447768583,37.59914359,72.67487092,0.0,149.1154035,0.0,72.67487092,72.67487092,0.0,0.0,100.0,0.37599143593985695,0.0,6.236520118024693,1.2,1.0174481929415091,0.0,1.5957810275656783,2.423290897517505
10990666,MAGMA COMBUSTION ENGINEERING LIMITED,28210,manufacture of machinery and equipment (not elsewhere classified),5,L,N/A,02/10/2019,30/09/2020,2020,52,12,N,2,2867073.0,0.0,2194020.0,673053.0,1291695.0,-284861.0,126305.0,8636.0,-293497.0,-5243.0,-298740.0,0.0,-298740.0,611946,158222.0,770168.0,1348602.0,1035191.0,218188.0,4063.0,0.0,0.0,0.0,2118770.0,1970131.0,386039.0,0,1187248.0,396844.0,233927.0,0.0,239774,2209905.0,-91135,-621529.0,10000.0,-249357,-101135.0,0.0,-91135.0,0.0,0,0.0,0.0,148639,32.0,1,-10.23681643,0.684524024,-4.612935197,-263.0976025,-4.648445231,49.145674,131.7876158,1348601.889,-197.4562531,-13.85223502,-21.61772096,7.6101306110000015,322.0464147,-8.862414129140149,-158556.0,0.4755836920763578,-0.3520131019412206,-0.1973956588020408,-0.2469521467643963,-0.06770164328330855,1.339646242867324
11207884,LK METROLOGY GROUP LTD,28990,manufacture of machinery and equipment (not elsewhere classified),5,L,N/A,02/04/2019,31/03/2020,2020,52,12,Y,1,28691477.0,0.0,17775468.0,10916009.0,9084333.0,160175.0,217624.0,40854.0,120149.0,284563.0,404712.0,0.0,404712.0,391633,2415984.0,2807617.0,17769572.0,8480384.0,4819769.0,917498.0,3551921.0,56838.0,0.0,20577189.0,18293567.0,7793175.0,1655027,6695.0,8838670.0,19293.0,0.0,2915353,19553893.0,1023296,-523995.0,100.0,-1392688,687893.0,0.0,1023296.0,383092.0,-138738,195576.0,0.0,2283622,155.0,1,0.41876199,0.971356324,-54.75524957,284.898309,5.634515992000001,99.14124933,107.8836116,17769571.74,5.261334843999999,0.5838941360000001,17.87710203,16.79860887,11.74137298,-14.040397418517284,377799.0,1.3952226210061915,-0.030557818174289982,0.0275351895732697,0.060588290266469336,-0.04273383310423147,1.380390792444974
11207884,LK METROLOGY GROUP LTD,28990,manufacture of machinery and equipment (not elsewhere classified),5,L,N/A,02/04/2019,31/03/2020,2020,52,12,Y,1,28691477.0,0.0,17775468.0,10916009.0,9084333.0,160175.0,217624.0,40854.0,120149.0,284563.0,404712.0,0.0,404712.0,391633,2415984.0,2807617.0,17769572.0,8480384.0,4819769.0,917498.0,3551921.0,56838.0,0.0,20577189.0,18293567.0,7793175.0,1655027,6695.0,8838670.0,19293.0,0.0,2915353,19553893.0,1023296,-523995.0,100.0,-1392688,687893.0,0.0,1023296.0,383092.0,-138738,195576.0,0.0,2283622,155.0,1,0.41876199,0.971356324,-54.75524957,284.898309,5.634515992000001,99.14124933,107.8836116,17769571.74,5.261334843999999,0.5838941360000001,17.87710203,16.79860887,11.74137298,-14.040397418517284,377799.0,1.3952226210061915,-0.030557818174289982,0.0275351895732697,0.060588290266469336,-0.04273383310423147,1.380390792444974
11236854,LK METROLOGY LTD,28990,manufacture of machinery and equipment (not elsewhere classified),5,L,N/A,02/04/2019,31/03/2020,2020,52,12,N,1,14065349.0,12575189.0,9113127.0,4952222.0,4145935.0,117602.0,140105.0,38904.0,79526.0,171321.0,250847.0,0.0,250847.0,191524,95945.0,287469.0,11141256.0,2389616.0,3575632.0,401150.0,4774858.0,0.0,0.0,11428725.0,10929310.0,4715764.0,1232885,1993941.0,2986720.0,19293.0,0.0,1382501,11078926.0,349799,211946.0,100.0,253854,349699.0,0.0,349799.0,0.0,0,0.0,0.0,499415,93.0,1,0.565403674,1.019392441,66.3628896,395.2272591,3.086612464,122.3754818,62.01124764,11141255.67,15.92383088,0.69584315,31.24454329,25.42156615,22.73477054,43.642904976876466,257707.0,1.3595366959438686,0.02225403096145895,0.0307283445878696,0.07441189634014292,0.013747939105288723,1.2183944849491084
11236854,LK METROLOGY LTD,28990,manufacture of machinery and equipment (not elsewhere classified),5,L,N/A,02/04/2019,31/03/2020,2020,52,12,N,1,14065349.0,12575189.0,9113127.0,4952222.0,4145935.0,117602.0,140105.0,38904.0,79526.0,171321.0,250847.0,0.0,250847.0,191524,95945.0,287469.0,11141256.0,2389616.0,3575632.0,401150.0,4774858.0,0.0,0.0,11428725.0,10929310.0,4715764.0,1232885,1993941.0,2986720.0,19293.0,0.0,1382501,11078926.0,349799,211946.0,100.0,253854,349699.0,0.0,349799.0,0.0,0,0.0,0.0,499415,93.0,1,0.565403674,1.019392441,66.3628896,395.2272591,3.086612464,122.3754818,62.01124764,11141255.67,15.92383088,0.69584315,31.24454329,25.42156615,22.73477054,43.642904976876466,257707.0,1.3595366959438686,0.02225403096145895,0.0307283445878696,0.07441189634014292,0.013747939105288723,1.2183944849491084
11868256,HAUSER REFRIGERATION UK LIMITED,28250,manufacture of machinery and equipment (not elsewhere classified),5,L,N/A,02/04/2019,31/03/2020,2020,52,12,N,1,51702938.0,4950284.0,45983524.0,5719414.0,1291188.0,0.0,7396.0,0.0,3058384.0,-590000.0,2468384.0,0.0,2468384.0,19476,0.0,19476.0,24781896.0,3272513.0,13094341.0,4394395.0,4020647.0,0.0,0.0,24801372.0,9660664.0,1778981.0,0,2930650.0,4951033.0,0.0,0.0,0,9660664.0,15140708,15121232.0,30000.0,15140708,2468384.0,0.0,15140708.0,0.0,0,0.0,0.0,15140708,20.0,1,5.91530021,2.565237338,3.419227878,0.0,61.04786461,12.55882335,23.10250232,24781894.64,20.19974231,12.33151134,0.638058934,25.32610623,20.19974231,0.6380589335716665,7396.0,3.8761384412292217,0.731632040356477,0.13933654960701367,0.0009840907188521666,0.9403520089302351,2.0638337516166443
11868256,HAUSER REFRIGERATION UK LIMITED,28250,manufacture of machinery and equipment (not elsewhere classified),5,L,N/A,02/04/2019,31/03/2020,2020,52,12,N,1,51702938.0,4950284.0,45983524.0,5719414.0,1291188.0,0.0,7396.0,0.0,3058384.0,-590000.0,2468384.0,0.0,2468384.0,19476,0.0,19476.0,24781896.0,3272513.0,13094341.0,4394395.0,4020647.0,0.0,0.0,24801372.0,9660664.0,1778981.0,0,2930650.0,4951033.0,0.0,0.0,0,9660664.0,15140708,15121232.0,30000.0,15140708,2468384.0,0.0,15140708.0,0.0,0,0.0,0.0,15140708,20.0,1,5.91530021,2.565237338,3.419227878,0.0,61.04786461,12.55882335,23.10250232,24781894.64,20.19974231,12.33151134,0.638058934,25.32610623,20.19974231,0.6380589335716665,7396.0,3.8761384412292217,0.731632040356477,0.13933654960701367,0.0009840907188521666,0.9403520089302351,2.0638337516166443
11868256,HAUSER REFRIGERATION UK LIMITED,28250,manufacture of machinery and equipment (not elsewhere classified),5,L,N/A,02/04/2019,31/03/2020,2020,52,12,N,1,51702938.0,4950284.0,45983524.0,5719414.0,1291188.0,0.0,7396.0,0.0,3058384.0,-590000.0,2468384.0,0.0,2468384.0,19476,0.0,19476.0,24781896.0,3272513.0,13094341.0,4394395.0,4020647.0,0.0,0.0,24801372.0,9660664.0,1778981.0,0,2930650.0,4951033.0,0.0,0.0,0,9660664.0,15140708,15121232.0,30000.0,15140708,2468384.0,0.0,15140708.0,0.0,0,0.0,0.0,15140708,20.0,1,5.91530021,2.565237338,3.419227878,0.0,61.04786461,12.55882335,23.10250232,24781894.64,20.19974231,12.33151134,0.638058934,25.32610623,20.19974231,0.6380589335716665,7396.0,3.8761384412292217,0.731632040356477,0.13933654960701367,0.0009840907188521666,0.9403520089302351,2.0638337516166443
NI030369,E.N.E. LIMITED,28990,manufacture of machinery and equipment (not elsewhere classified),5,L,N/A,01/02/2019,31/01/2020,2020,52,12,Y,1,8124736.0,0.0,5402655.0,2722081.0,2571812.0,1585424.0,329383.0,2683.0,1604882.0,-227306.0,1377576.0,244000.0,1133576.0,3391428,148570.0,3539998.0,4468918.0,1732647.0,743458.0,1531531.0,461282.0,542059.0,0.0,8008916.0,1555500.0,741259.0,26000,253207.0,535034.0,0.0,0.0,228573,1758073.0,6250843,2913418.0,118.0,6102273,6244431.0,0.0,6250843.0,1910450.0,525435,16624.0,0.0,6453416,61.0,1,19.75303567,2.872978464,2.7887299389999995,3.656674788,79.52376397,33.30071709,77.83836361,4468917.522,24.86872069,20.03869188,0.248846436,9.15054963,25.674649,0.28810133535487514,1914807.0,4.5105770395586715,0.4365261915595069,0.1981549563012023,0.7889785708827511,2.0826005518542177,1.0043167689609929
NI607901,AIRCONSERV LIMITED,28110,manufacture of machinery and equipment (not elsewhere classified),5,L,N/A,02/07/2019,30/06/2020,2020,52,12,N,1,198318.0,0.0,110318.0,88000.0,35789.0,33063.0,8869.0,447.0,33063.0,0.0,33063.0,50000.0,-16937.0,51223,0.0,51223.0,90549.0,67396.0,6700.0,16453.0,0.0,0.0,0.0,141772.0,51310.0,0.0,0,50000.0,1310.0,0.0,0.0,0,51310.0,90462,39239.0,100.0,90462,90362.0,0.0,90462.0,0.0,0,0.0,0.0,90462,1.0,1,16.67170907,1.764743715,5.054104335,0.0,63.80808622,0.0,124.0408838,90548.86942,36.54904822,23.3212482,0.567199487,3.378412449,36.54904822,0.5671994870774468,41932.0,3.5836126769555463,0.3321304629969247,-0.1672530541997009,0.976043224332026,1.057828883258624,1.3848631605676722
SC055812,C.C.S. ENGINEERING COMPANY LIMITED,28490,manufacture of machinery and equipment (not elsewhere classified),5,L,N/A,02/04/2019,31/03/2020,2020,52,12,N,1,440733.0,0.0,282235.0,158498.0,309325.0,0.0,7091.0,0.0,-37157.0,0.0,-37157.0,0.0,-37157.0,24827,0.0,24827.0,130433.0,65048.0,6343.0,59042.0,0.0,0.0,0.0,155260.0,173391.0,0.0,0,20483.0,152908.0,907.0,0.0,907,174298.0,-19038,-42958.0,3004.0,-19038,-22042.0,0.0,-19038.0,0.0,0,0.0,0.0,-18131,0.0,1,-8.430727901000001,0.75224781,-10.25962568,-4.764155899,-12.26201211,0.0,53.87052932,130432.9634,204.9362969,-23.93211387,-9.107626852000001,1.439193344,195.1728123,-9.155268410547327,7091.0,2.228400393231161,-0.33202112585340715,-0.33504959422903513,0.15071686203787196,-0.06553603598434864,2.81029028726008
SC139238,CLYDE BERGEMANN LIMITED,28960,manufacture of machinery and equipment (not elsewhere classified),5,L,N/A,02/03/2019,29/02/2020,2020,52,12,N,1,6726670.0,5548529.0,4710533.0,2016137.0,2796807.0,240515.0,9121.0,317.0,2023295.0,-131245.0,1892050.0,1594763.0,297287.0,43726,0.0,43726.0,10614504.0,1450537.0,1332998.0,1385638.0,6303674.0,0.0,0.0,10658230.0,2024985.0,915373.0,0,468882.0,640730.0,5982.0,0.0,70982,2095967.0,8562263,8589519.0,1600000.0,8562263,6974353.0,0.0,8562263.0,0.0,0,0.0,799550.0,8633245,51.0,1,30.07870165,5.241769198,0.783125341,0.829009807,80.3347554,49.66962033,78.70848503,10614503.34,23.43608921,18.98340531,0.236501145,19.816610600000004,23.63037669,0.2447912426889947,249636.0,4.159309190104134,0.9670857919185456,0.039049804704908785,0.07729227085547975,2.451068075022173,0.624813247603026
SC200926,MARITIME DEVELOPMENTS LIMITED,28220,manufacture of machinery and equipment (not elsewhere classified),5,L,N/A,02/04/2019,31/03/2020,2020,52,12,Y,1,13233106.0,0.0,8474419.0,4758687.0,4346027.0,861905.0,819551.0,858069.0,-271765.0,-39337.0,-311102.0,0.0,-311102.0,11419965,1346824.0,12766789.0,4481506.0,2610756.0,183863.0,42939.0,1643948.0,184065.0,0.0,17248295.0,4760548.0,2032868.0,0,1390424.0,1337256.0,9211578.0,0.0,10068899,14829447.0,2418848,-279042.0,816.0,1072024,2294558.0,123290.0,2418848.0,-791534.0,-3672869,3856934.0,0.0,12487747,64.0,1,-2.053675078,0.941384479,-47.42334846,416.2683641,15.2114732,56.0712519,72.01075394,4481505.961,-2.17625325,-1.575605009,1.968105478,1.389416816,-11.23530706,13.833129668738762,1681456.0,1.0799511704663831,-0.019413536236480188,-0.025251353829465462,0.3217016406549169,0.0433741325620571,0.759540287315355
SC340484,CYBERHAWK INNOVATIONS LIMITED,28990,manufacture of machinery and equipment (not elsewhere classified),5,L,N/A,02/04/2019,31/03/2020,2020,52,12,N,1,3812753.0,1239035.0,2814967.0,997786.0,2839560.0,437741.0,198390.0,76654.0,361750.0,235553.0,597303.0,0.0,597303.0,636214,10490.0,646704.0,2631383.0,427810.0,0.0,647893.0,1555680.0,0.0,0.0,3278087.0,1339657.0,278595.0,0,59656.0,1001406.0,1428039.0,0.0,1428039,2767696.0,510391,1291726.0,9.0,499901,-1622460.0,0.0,510391.0,0.0,0,0.0,9171753.0,1938430,62.0,1,9.487894967,1.964221439,2.951673188,279.793139,15.61976584,26.67027604,40.95482975,2631383.0,18.66200998,11.03539961,2.624766111,0.0,70.87703349,5.536488224668484,636131.0,2.6281809590844625,0.4728584689790112,0.2550951820375725,0.6403833394293684,0.10837194547378036,1.15147202316473
